,ILS5Y5Y,US10Y,Brent
2000-01-03,,6.592,
2000-01-04,,6.497,17.97
2000-01-05,,6.594,17.49
2000-01-06,,6.524,17.41
2000-01-07,,6.515,17.02
2000-01-10,,6.552,17.49
2000-01-11,,6.657,18.14
2000-01-12,,6.703,18.32
2000-01-13,,6.63,18.54
2000-01-14,,6.679,19.03
2000-01-17,,6.681,19.39
2000-01-18,,6.748,19.69
2000-01-19,,6.732,19.53
2000-01-20,,6.788,19.73
2000-01-21,,6.765,19.92
2000-01-24,,6.685,19.7
2000-01-25,,6.692,20.06
2000-01-26,,6.664,19.75
2000-01-27,,6.692,19.37
2000-01-28,,6.658,19.41
2000-01-31,,6.665,19.63
2000-02-01,,6.619,19.95
2000-02-02,,6.573,19.6
2000-02-03,,6.489,20.15
2000-02-04,,6.549,20.46
2000-02-07,,6.639,20.32
2000-02-08,,6.613,19.93
2000-02-09,,6.66,20.35
2000-02-10,,6.671,20.77
2000-02-11,,6.604,21.03
2000-02-14,,6.554,21.62
2000-02-15,,6.552,21.62
2000-02-16,,6.545,21.81
2000-02-17,,6.567,21.25
2000-02-18,,6.489,20.89
2000-02-21,,6.493,20.66
2000-02-22,,6.361,21.18
2000-02-23,,6.422,21.56
2000-02-24,,6.365,21.81
2000-02-25,,6.326,21.9
2000-02-28,,6.422,21.84
2000-02-29,,6.409,22.39
2000-03-01,,6.386,23.16
2000-03-02,,6.384,23.29
2000-03-03,,6.388,23.1
2000-03-06,,6.411,23.61
2000-03-07,,6.373,25.42
2000-03-08,,6.379,22.95
2000-03-09,,6.343,23.34
2000-03-10,,6.383,23.06
2000-03-13,,6.37,23.02
2000-03-14,,6.292,22.91
2000-03-15,,6.291,22.21
2000-03-16,,6.245,22.47
2000-03-17,,6.194,22.28
2000-03-20,,6.183,21.15
2000-03-21,,6.135,21.58
2000-03-22,,6.112,21.31
2000-03-23,,6.078,21.38
2000-03-24,,6.191,21.74
2000-03-27,,6.185,21.55
2000-03-28,,6.151,21.4
2000-03-29,,6.147,20.47
2000-03-30,,6.055,20.66
2000-03-31,,6.004,20.78
2000-04-03,,5.965,20.56
2000-04-04,,5.895,19.84
2000-04-05,,5.872,19.93
2000-04-06,,5.934,19.67
2000-04-07,,5.853,18.94
2000-04-10,,5.771,17.87
2000-04-11,,5.882,18.08
2000-04-12,,5.935,19.15
2000-04-13,,5.906,18.87
2000-04-14,,5.85,18.56
2000-04-17,,6.038,18.83
2000-04-18,,6.059,19.09
2000-04-19,,5.992,19.68
2000-04-20,,5.994,19.73
2000-04-21,,5.987,
2000-04-24,,6.017,
2000-04-25,,6.128,19.32
2000-04-26,,6.13,19.03
2000-04-27,,6.223,19.68
2000-04-28,,6.212,19.78
2000-05-01,,6.278,
2000-05-02,,6.299,20.77
2000-05-03,,6.401,20.7
2000-05-04,,6.427,20.83
2000-05-05,,6.505,20.94
2000-05-08,,6.56,21.6
2000-05-09,,6.529,22.21
2000-05-10,,6.42,21.88
2000-05-11,,6.409,22.73
2000-05-12,,6.512,23.23
2000-05-15,,6.446,23.46
2000-05-16,,6.424,23.64
2000-05-17,,6.496,23.46
2000-05-18,,6.54,24.33
2000-05-19,,6.494,24.05
2000-05-22,,6.439,23.08
2000-05-23,,6.435,23.14
2000-05-24,,6.47,24.07
2000-05-25,,6.394,24.56
2000-05-26,,6.331,24.58
2000-05-29,,6.326,
2000-05-30,,6.376,24.36
2000-05-31,,6.272,23.82
2000-06-01,,6.191,24.56
2000-06-02,,6.152,24.44
2000-06-05,,6.122,23.87
2000-06-06,,6.122,24.05
2000-06-07,,6.141,24.58
2000-06-08,,6.124,24.46
2000-06-09,,6.126,24.89
2000-06-12,,6.071,26.26
2000-06-13,,6.116,26.72
2000-06-14,,6.041,26.41
2000-06-15,,6.05,26.31
2000-06-16,,5.971,25.38
2000-06-19,,5.999,25.05
2000-06-20,,6.02,25.98
2000-06-21,,6.113,26.26
2000-06-22,,6.104,26.99
2000-06-23,,6.185,27.21
2000-06-26,,6.102,26.63
2000-06-27,,6.085,27.07
2000-06-28,,6.1,26.96
2000-06-29,,6.027,27.57
2000-06-30,,6.031,27.37
2000-07-03,,5.989,27.84
2000-07-04,,,26.48
2000-07-05,,5.984,26.3
2000-07-06,,6.048,26.56
2000-07-07,,6.001,26.59
2000-07-10,,6.035,25.83
2000-07-11,,6.048,26.16
2000-07-12,,6.08,26.56
2000-07-13,,6.005,27.1
2000-07-14,,6.096,27.15
2000-07-17,,6.148,26.53
2000-07-18,,6.141,27.24
2000-07-19,,6.154,26.83
2000-07-20,,6.002,26.26
2000-07-21,,5.998,25.56
2000-07-24,,6.034,25.01
2000-07-25,,6.028,25.03
2000-07-26,,6.027,24.92
2000-07-27,,6.0,25.22
2000-07-28,,6.034,25.42
2000-07-31,,6.031,25.02
2000-08-01,,5.984,25.21
2000-08-02,,5.976,25.63
2000-08-03,,5.952,26.3
2000-08-04,,5.901,27.28
2000-08-07,,5.956,26.49
2000-08-08,,5.92,26.85
2000-08-09,,5.916,27.75
2000-08-10,,5.763,28.69
2000-08-11,,5.79,28.4
2000-08-14,,5.771,28.81
2000-08-15,,5.802,28.91
2000-08-16,,5.838,29.13
2000-08-17,,5.81,29.54
2000-08-18,,5.773,29.82
2000-08-21,,5.781,29.98
2000-08-22,,5.775,29.32
2000-08-23,,5.727,30.06
2000-08-24,,5.719,29.73
2000-08-25,,5.729,29.77
2000-08-28,,5.777,
2000-08-29,,5.808,30.72
2000-08-30,,5.8,31.33
2000-08-31,,5.725,31.07
2000-09-01,,5.679,31.2
2000-09-04,,5.683,32.17
2000-09-05,,5.689,32.31
2000-09-06,,5.724,33.58
2000-09-07,,5.752,33.84
2000-09-08,,5.739,32.11
2000-09-11,,5.766,32.93
2000-09-12,,5.772,32.05
2000-09-13,,5.724,31.38
2000-09-14,,5.785,31.67
2000-09-15,,5.84,33.33
2000-09-18,,5.871,33.8
2000-09-19,,5.852,32.98
2000-09-20,,5.897,33.09
2000-09-21,,5.823,32.1
2000-09-22,,5.848,30.65
2000-09-25,,5.837,29.66
2000-09-26,,5.802,29.83
2000-09-27,,5.821,29.95
2000-09-28,,5.812,28.7
2000-09-29,,5.802,29.27
2000-10-02,,5.823,30.48
2000-10-03,,5.867,30.45
2000-10-04,,5.886,29.93
2000-10-05,,5.852,29.31
2000-10-06,,5.812,29.52
2000-10-09,,5.823,30.17
2000-10-10,,5.772,31.24
2000-10-11,,5.774,31.18
2000-10-12,,5.709,33.92
2000-10-13,,5.724,31.89
2000-10-16,,5.732,30.23
2000-10-17,,5.673,30.47
2000-10-18,,5.667,30.45
2000-10-19,,5.655,30.09
2000-10-20,,5.632,30.95
2000-10-23,,5.584,31.41
2000-10-24,,5.615,30.92
2000-10-25,,5.684,30.7
2000-10-26,,5.69,31.29
2000-10-27,,5.713,30.3
2000-10-30,,5.732,30.48
2000-10-31,,5.751,30.11
2000-11-01,,5.742,30.65
2000-11-02,,5.738,30.13
2000-11-03,,5.827,30.2
2000-11-06,,5.855,30.63
2000-11-07,,5.866,31.01
2000-11-08,,5.855,30.66
2000-11-09,,5.825,31.48
2000-11-10,,5.783,31.35
2000-11-13,,5.766,31.64
2000-11-14,,5.755,32.14
2000-11-15,,5.711,33.15
2000-11-16,,5.669,32.76
2000-11-17,,5.704,33.07
2000-11-20,,5.677,33.06
2000-11-21,,5.652,33.09
2000-11-22,,5.624,33.22
2000-11-23,,5.612,33.26
2000-11-24,,5.624,33.1
2000-11-27,,5.624,33.05
2000-11-28,,5.582,32.18
2000-11-29,,5.524,32.67
2000-11-30,,5.468,31.87
2000-12-01,,5.503,30.16
2000-12-04,,5.551,29.33
2000-12-05,,5.418,27.78
2000-12-06,,5.326,28.0
2000-12-07,,5.309,27.46
2000-12-08,,5.299,26.55
2000-12-11,,5.362,27.53
2000-12-12,,5.346,27.44
2000-12-13,,5.258,25.99
2000-12-14,,5.213,25.59
2000-12-15,,5.18,25.95
2000-12-18,,5.17,26.3
2000-12-19,,5.188,25.06
2000-12-20,,5.037,23.03
2000-12-21,,5.025,23.67
2000-12-22,,5.006,23.72
2000-12-25,,5.008,
2000-12-26,,5.056,
2000-12-27,,5.104,24.1
2000-12-28,,5.118,23.77
2000-12-29,,5.112,23.93
2001-01-01,,5.114,
2001-01-02,,4.915,24.36
2001-01-03,,5.158,25.09
2001-01-04,,5.039,25.41
2001-01-05,,4.931,25.24
2001-01-08,,4.956,24.49
2001-01-09,,5.0,24.65
2001-01-10,,5.104,25.4
2001-01-11,,5.11,25.67
2001-01-12,,5.25,25.81
2001-01-15,,5.242,26.32
2001-01-16,,5.23,25.77
2001-01-17,,5.175,25.04
2001-01-18,,5.114,25.87
2001-01-19,,5.168,27.31
2001-01-22,,5.225,26.79
2001-01-23,,5.281,26.93
2001-01-24,,5.305,26.52
2001-01-25,,5.245,26.72
2001-01-26,,5.268,27.25
2001-01-29,,5.303,26.86
2001-01-30,,5.229,27.16
2001-01-31,,5.114,26.92
2001-02-01,,5.086,28.38
2001-02-02,,5.148,29.48
2001-02-05,,5.167,28.73
2001-02-06,,5.183,28.98
2001-02-07,,5.187,30.21
2001-02-08,,5.089,30.14
2001-02-09,,5.03,29.54
2001-02-12,,5.046,28.89
2001-02-13,,5.07,29.09
2001-02-14,,5.164,28.51
2001-02-15,,5.166,27.84
2001-02-16,,5.109,28.1
2001-02-19,,5.097,28.54
2001-02-20,,5.105,27.82
2001-02-21,,5.139,27.55
2001-02-22,,5.156,27.65
2001-02-23,,5.097,27.71
2001-02-26,,5.034,27.28
2001-02-27,,4.952,27.19
2001-02-28,,4.896,26.72
2001-03-01,,4.874,27.01
2001-03-02,,4.947,27.17
2001-03-05,,4.976,27.91
2001-03-06,,4.971,27.67
2001-03-07,,4.899,28.45
2001-03-08,,4.889,27.88
2001-03-09,,4.929,27.51
2001-03-12,,4.891,27.06
2001-03-13,,4.929,26.46
2001-03-14,,4.818,25.45
2001-03-15,,4.786,25.63
2001-03-16,,4.77,25.67
2001-03-19,,4.813,25.42
2001-03-20,,4.758,25.23
2001-03-21,,4.778,25.62
2001-03-22,,4.756,25.24
2001-03-23,,4.815,26.01
2001-03-26,,4.869,26.03
2001-03-27,,5.011,26.53
2001-03-28,,4.975,25.9
2001-03-29,,4.997,25.11
2001-03-30,,4.917,25.35
2001-04-02,,4.977,24.71
2001-04-03,,4.929,25.38
2001-04-04,,4.914,25.95
2001-04-05,,4.973,25.95
2001-04-06,,4.89,25.79
2001-04-09,,4.932,26.01
2001-04-10,,5.083,27.31
2001-04-11,,5.119,27.15
2001-04-12,,5.169,27.57
2001-04-13,,5.163,
2001-04-16,,5.254,
2001-04-17,,5.225,27.83
2001-04-18,,5.146,27.48
2001-04-19,,5.294,27.02
2001-04-20,,5.288,26.58
2001-04-23,,5.177,26.74
2001-04-24,,5.209,26.51
2001-04-25,,5.256,27.01
2001-04-26,,5.192,27.8
2001-04-27,,5.328,27.99
2001-04-30,,5.338,28.09
2001-05-01,,5.292,28.53
2001-05-02,,5.288,27.79
2001-05-03,,5.205,28.27
2001-05-04,,5.205,28.39
2001-05-07,,5.197,
2001-05-08,,5.245,28.1
2001-05-09,,5.174,28.35
2001-05-10,,5.295,28.68
2001-05-11,,5.447,28.39
2001-05-14,,5.42,28.43
2001-05-15,,5.512,28.54
2001-05-16,,5.445,28.5
2001-05-17,,5.407,28.53
2001-05-18,,5.405,29.46
2001-05-21,,5.374,29.49
2001-05-22,,5.41,29.43
2001-05-23,,5.401,29.31
2001-05-24,,5.491,28.6
2001-05-25,,5.511,28.55
2001-05-28,,5.494,
2001-05-29,,5.515,29.24
2001-05-30,,5.509,29.21
2001-05-31,,5.381,29.41
2001-06-01,,5.364,29.14
2001-06-04,,5.341,29.33
2001-06-05,,5.269,29.75
2001-06-06,,5.255,29.03
2001-06-07,,5.324,28.57
2001-06-08,,5.356,29.51
2001-06-11,,5.284,29.64
2001-06-12,,5.253,29.68
2001-06-13,,5.263,29.39
2001-06-14,,5.221,29.65
2001-06-15,,5.232,29.45
2001-06-18,,5.251,28.28
2001-06-19,,5.236,28.25
2001-06-20,,5.205,27.32
2001-06-21,,5.172,27.54
2001-06-22,,5.115,27.84
2001-06-25,,5.13,28.35
2001-06-26,,5.224,28.26
2001-06-27,,5.235,26.87
2001-06-28,,5.334,26.6
2001-06-29,,5.412,27.31
2001-07-02,,5.322,26.85
2001-07-03,,5.38,26.56
2001-07-04,,5.378,27.02
2001-07-05,,5.391,27.06
2001-07-06,,5.359,28.07
2001-07-09,,5.327,27.38
2001-07-10,,5.274,27.15
2001-07-11,,5.289,26.72
2001-07-12,,5.234,26.32
2001-07-13,,5.217,26.15
2001-07-16,,5.173,25.91
2001-07-17,,5.204,25.62
2001-07-18,,5.091,24.93
2001-07-19,,5.106,24.76
2001-07-20,,5.129,25.36
2001-07-23,,5.104,25.65
2001-07-24,,5.11,25.63
2001-07-25,,5.182,25.99
2001-07-26,,5.129,25.88
2001-07-27,,5.098,25.93
2001-07-30,,5.066,25.69
2001-07-31,,5.054,25.42
2001-08-01,,5.071,25.69
2001-08-02,,5.151,26.9
2001-08-03,,5.157,26.45
2001-08-06,,5.153,26.59
2001-08-07,,5.168,26.85
2001-08-08,,5.05,26.46
2001-08-09,,5.034,26.44
2001-08-10,,4.98,26.74
2001-08-13,,4.976,26.64
2001-08-14,,4.966,26.73
2001-08-15,,5.0,26.27
2001-08-16,,4.94,26.16
2001-08-17,,4.839,25.24
2001-08-20,,4.902,25.57
2001-08-21,,4.864,26.02
2001-08-22,,4.894,25.87
2001-08-23,,4.88,26.13
2001-08-24,,4.922,26.49
2001-08-27,,4.924,
2001-08-28,,4.836,27.02
2001-08-29,,4.771,27.08
2001-08-30,,4.812,26.63
2001-08-31,,4.832,26.96
2001-09-03,,4.826,27.09
2001-09-04,,4.959,26.8
2001-09-05,,4.967,26.87
2001-09-06,,4.873,27.52
2001-09-07,,4.79,28.26
2001-09-10,,4.835,28.02
2001-09-11,,4.809,29.55
2001-09-12,,,28.9
2001-09-13,,4.623,29.04
2001-09-14,,4.553,30.13
2001-09-17,,4.623,29.05
2001-09-18,,4.707,27.92
2001-09-19,,4.691,26.94
2001-09-20,,4.742,26.53
2001-09-21,,4.691,26.04
2001-09-24,,4.716,22.54
2001-09-25,,4.7,22.91
2001-09-26,,4.628,23.55
2001-09-27,,4.548,23.33
2001-09-28,,4.588,23.81
2001-10-01,,4.54,23.43
2001-10-02,,4.501,22.57
2001-10-03,,4.468,22.03
2001-10-04,,4.506,22.68
2001-10-05,,4.504,22.14
2001-10-08,,4.506,22.08
2001-10-09,,4.593,22.4
2001-10-10,,4.597,22.53
2001-10-11,,4.666,22.99
2001-10-12,,4.669,22.25
2001-10-15,,4.599,22.16
2001-10-16,,4.559,21.8
2001-10-17,,4.567,21.42
2001-10-18,,4.577,21.04
2001-10-19,,4.621,21.79
2001-10-22,,4.633,21.48
2001-10-23,,4.643,21.37
2001-10-24,,4.596,21.69
2001-10-25,,4.551,21.44
2001-10-26,,4.529,21.45
2001-10-29,,4.48,21.53
2001-10-30,,4.41,21.34
2001-10-31,,4.232,20.79
2001-11-01,,4.24,20.02
2001-11-02,,4.358,20.17
2001-11-05,,4.296,19.84
2001-11-06,,4.256,19.46
2001-11-07,,4.178,19.72
2001-11-08,,4.286,20.69
2001-11-09,,4.303,21.82
2001-11-12,,4.303,20.81
2001-11-13,,4.378,21.22
2001-11-14,,4.539,19.38
2001-11-15,,4.762,17.52
2001-11-16,,4.843,17.95
2001-11-19,,4.798,18.21
2001-11-20,,4.863,18.96
2001-11-21,,5.013,18.94
2001-11-22,,4.966,20.12
2001-11-23,,4.987,19.49
2001-11-26,,5.015,18.56
2001-11-27,,4.919,19.23
2001-11-28,,4.925,18.9
2001-11-29,,4.756,18.61
2001-11-30,,4.752,19.35
2001-12-03,,4.687,19.93
2001-12-04,,4.66,19.5
2001-12-05,,4.893,19.43
2001-12-06,,5.013,18.59
2001-12-07,,5.167,19.24
2001-12-10,,5.098,18.37
2001-12-11,,5.051,18.11
2001-12-12,,5.005,18.43
2001-12-13,,5.073,18.16
2001-12-14,,5.188,19.14
2001-12-17,,5.186,19.05
2001-12-18,,5.121,19.17
2001-12-19,,5.047,19.46
2001-12-20,,5.03,19.12
2001-12-21,,5.084,19.35
2001-12-24,,5.136,19.33
2001-12-25,,5.136,
2001-12-26,,5.199,
2001-12-27,,5.065,20.33
2001-12-28,,5.113,20.29
2001-12-31,,5.051,19.89
2002-01-01,,5.032,
2002-01-02,,5.16,20.99
2002-01-03,,5.111,20.65
2002-01-04,,5.128,22.16
2002-01-07,,5.049,22.01
2002-01-08,,5.08,22.0
2002-01-09,,5.051,20.88
2002-01-10,,4.979,21.27
2002-01-11,,4.866,20.85
2002-01-14,,4.876,19.81
2002-01-15,,4.835,19.86
2002-01-16,,4.839,19.91
2002-01-17,,4.925,19.26
2002-01-18,,4.894,19.31
2002-01-21,,4.892,19.43
2002-01-22,,4.919,19.62
2002-01-23,,5.029,20.08
2002-01-24,,5.008,20.02
2002-01-25,,5.071,20.27
2002-01-28,,5.073,20.56
2002-01-29,,4.942,20.13
2002-01-30,,5.014,19.66
2002-01-31,,5.033,20.07
2002-02-01,,4.985,20.91
2002-02-04,,4.902,20.73
2002-02-05,,4.894,20.47
2002-02-06,,4.923,20.21
2002-02-07,,4.939,20.1
2002-02-08,,4.879,20.64
2002-02-11,,4.907,21.99
2002-02-12,,4.975,21.29
2002-02-13,,4.987,21.62
2002-02-14,,4.945,21.51
2002-02-15,,4.875,21.57
2002-02-18,,4.863,21.01
2002-02-19,,4.873,21.2
2002-02-20,,4.889,20.52
2002-02-21,,4.853,21.05
2002-02-22,,4.831,21.05
2002-02-25,,4.849,20.65
2002-02-26,,4.927,21.56
2002-02-27,,4.833,21.55
2002-02-28,,4.877,22.04
2002-03-01,,4.981,22.62
2002-03-04,,4.999,22.67
2002-03-05,,5.001,23.55
2002-03-06,,5.052,23.48
2002-03-07,,5.227,24.08
2002-03-08,,5.325,24.11
2002-03-11,,5.32,24.69
2002-03-12,,5.31,24.49
2002-03-13,,5.279,24.52
2002-03-14,,5.409,25.12
2002-03-15,,5.327,25.0
2002-03-18,,5.3,25.53
2002-03-19,,5.286,25.37
2002-03-20,,5.406,25.11
2002-03-21,,5.365,25.89
2002-03-22,,5.404,25.83
2002-03-25,,5.408,25.59
2002-03-26,,5.345,25.78
2002-03-27,,5.341,25.91
2002-03-28,,5.4,26.4
2002-03-29,,5.396,
2002-04-01,,5.426,
2002-04-02,,5.341,28.17
2002-04-03,,5.278,27.77
2002-04-04,,5.258,27.81
2002-04-05,,5.206,26.47
2002-04-08,,5.262,27.52
2002-04-09,,5.202,26.56
2002-04-10,,5.233,26.49
2002-04-11,,5.206,25.5
2002-04-12,,5.156,24.74
2002-04-15,,5.138,25.7
2002-04-16,,5.192,26.25
2002-04-17,,5.233,27.11
2002-04-18,,5.198,27.53
2002-04-19,,5.1962,27.61
2002-04-22,,5.1755,27.65
2002-04-23,,5.161,27.77
2002-04-24,,5.1113,27.51
2002-04-25,,5.0928,27.7
2002-04-26,,5.0537,27.97
2002-04-29,,5.1198,28.5
2002-04-30,,5.0847,28.27
2002-05-01,,5.0579,27.63
2002-05-02,,5.0931,27.16
2002-05-03,,5.054,27.5
2002-05-06,,5.0643,
2002-05-07,,5.054,27.14
2002-05-08,,5.2162,27.8
2002-05-09,,5.1619,27.71
2002-05-10,,5.1163,28.18
2002-05-13,,5.2207,28.39
2002-05-14,,5.2755,29.15
2002-05-15,,5.244,28.2
2002-05-16,,5.1665,28.01
2002-05-17,,5.2506,27.99
2002-05-20,,5.1982,28.01
2002-05-21,,5.1481,27.18
2002-05-22,,5.1127,27.07
2002-05-23,,5.1482,26.96
2002-05-24,,5.1443,26.73
2002-05-27,,5.136,26.48
2002-05-28,,5.1277,26.29
2002-05-29,,5.0611,26.67
2002-05-30,,5.0198,25.53
2002-05-31,,5.0427,25.96
2002-06-03,,4.9972,
2002-06-04,,5.0262,
2002-06-05,,5.0469,25.67
2002-06-06,,4.9746,25.71
2002-06-07,,5.0658,25.47
2002-06-10,,5.0264,25.12
2002-06-11,,4.9727,24.76
2002-06-12,,4.9624,25.09
2002-06-13,,4.8987,25.99
2002-06-14,,4.7967,26.28
2002-06-17,,4.8435,26.54
2002-06-18,,4.8333,26.07
2002-06-19,,4.7257,25.81
2002-06-20,,4.7885,26.36
2002-06-21,,4.7661,26.02
2002-06-24,,4.8272,26.57
2002-06-25,,4.817,26.5
2002-06-26,,4.7417,26.54
2002-06-27,,4.821,26.76
2002-06-28,,4.7965,26.9
2002-07-01,,4.7802,26.96
2002-07-02,,4.7254,27.08
2002-07-03,,4.7639,27.17
2002-07-04,,4.7618,26.87
2002-07-05,,4.856,27.06
2002-07-08,,4.7945,26.37
2002-07-09,,4.7252,26.47
2002-07-10,,4.6121,27.27
2002-07-11,,4.6362,27.3
2002-07-12,,4.5718,27.68
2002-07-15,,4.626,27.29
2002-07-16,,4.6805,27.89
2002-07-17,,4.6825,28.04
2002-07-18,,4.6057,27.87
2002-07-19,,4.5194,28.03
2002-07-22,,4.4437,26.95
2002-07-23,,4.4059,26.55
2002-07-24,,4.4852,26.86
2002-07-25,,4.3801,26.78
2002-07-26,,4.3817,26.54
2002-07-29,,4.5609,26.51
2002-07-30,,4.585,27.23
2002-07-31,,4.4588,26.98
2002-08-01,,4.3893,26.52
2002-08-02,,4.2904,26.84
2002-08-05,,4.2082,26.39
2002-08-06,,4.3315,27.07
2002-08-07,,4.3038,26.46
2002-08-08,,4.3945,26.63
2002-08-09,,4.255,26.87
2002-08-12,,4.215,27.61
2002-08-13,,4.0852,27.61
2002-08-14,,4.1194,27.83
2002-08-15,,4.1802,28.79
2002-08-16,,4.3244,28.95
2002-08-19,,4.2838,29.23
2002-08-20,,4.1475,29.06
2002-08-21,,4.1971,29.39
2002-08-22,,4.3166,28.97
2002-08-23,,4.2334,28.94
2002-08-26,,4.2237,
2002-08-27,,4.2816,29.19
2002-08-28,,4.2121,28.9
2002-08-29,,4.1374,29.51
2002-08-30,,4.1409,29.46
2002-09-02,,4.1332,29.53
2002-09-03,,3.9627,28.49
2002-09-04,,3.9608,29.06
2002-09-05,,3.925,29.66
2002-09-06,,4.0113,30.34
2002-09-09,,4.0585,30.55
2002-09-10,,3.9941,30.65
2002-09-11,,4.0584,30.55
2002-09-12,,3.96,29.75
2002-09-13,,3.9052,30.67
2002-09-16,,3.9126,30.51
2002-09-17,,3.8172,29.92
2002-09-18,,3.8413,30.29
2002-09-19,,3.7761,30.36
2002-09-20,,3.785,30.41
2002-09-23,,3.6943,31.16
2002-09-24,,3.6446,31.14
2002-09-25,,3.7475,31.08
2002-09-26,,3.764,30.9
2002-09-27,,3.6584,30.89
2002-09-30,,3.5942,30.75
2002-10-01,,3.7152,31.03
2002-10-02,,3.6671,30.83
2002-10-03,,3.6835,30.23
2002-10-04,,3.6646,30.08
2002-10-07,,3.6131,30.2
2002-10-08,,3.6331,30.05
2002-10-09,,3.567,30.09
2002-10-10,,3.6566,29.67
2002-10-11,,3.7782,29.94
2002-10-14,,3.7856,30.38
2002-10-15,,3.9927,30.27
2002-10-16,,4.048,30.0
2002-10-17,,4.2002,30.09
2002-10-18,,4.1053,29.95
2002-10-21,,4.251,28.61
2002-10-22,,4.2584,28.43
2002-10-23,,4.231,28.52
2002-10-24,,4.1147,28.47
2002-10-25,,4.0914,27.39
2002-10-28,,4.0855,27.63
2002-10-29,,3.9382,27.23
2002-10-30,,3.961,27.22
2002-10-31,,3.8925,27.67
2002-11-01,,4.0045,27.34
2002-11-04,,4.0427,26.92
2002-11-05,,4.0696,25.95
2002-11-06,,4.033,25.5
2002-11-07,,3.8916,25.26
2002-11-08,,3.8558,25.37
2002-11-11,,3.8388,25.59
2002-11-12,,3.8482,25.6
2002-11-13,,3.8388,24.72
2002-11-14,,4.0556,24.87
2002-11-15,,4.0287,25.25
2002-11-18,,3.9961,26.25
2002-11-19,,3.977,26.04
2002-11-20,,4.0575,26.52
2002-11-21,,4.1522,26.85
2002-11-22,,4.1776,27.26
2002-11-25,,4.1737,26.68
2002-11-26,,4.0652,26.87
2002-11-27,,4.258,27.3
2002-11-28,,4.2503,27.04
2002-11-29,,4.2052,27.21
2002-12-02,,4.2287,27.7
2002-12-03,,4.2013,27.95
2002-12-04,,4.1506,27.23
2002-12-05,,4.137,27.9
2002-12-06,,4.0827,27.53
2002-12-09,,4.0344,27.85
2002-12-10,,4.0459,28.57
2002-12-11,,4.0228,28.38
2002-12-12,,4.0228,29.05
2002-12-13,,4.0672,29.42
2002-12-16,,4.1587,30.94
2002-12-17,,4.1236,30.79
2002-12-18,,4.0343,31.42
2002-12-19,,3.9382,31.12
2002-12-20,,3.9573,31.25
2002-12-23,,3.9707,32.77
2002-12-24,,3.9342,32.65
2002-12-25,,3.9323,
2002-12-26,,3.9016,
2002-12-27,,3.8083,33.26
2002-12-30,,3.7949,32.71
2002-12-31,,3.816,31.61
2003-01-01,,3.8175,
2003-01-02,,4.0305,32.45
2003-01-03,,4.0169,33.93
2003-01-06,,4.0518,33.3
2003-01-07,,4.0053,32.34
2003-01-08,,4.0169,31.75
2003-01-09,,4.179,32.69
2003-01-10,,4.132,32.72
2003-01-13,,4.1202,33.3
2003-01-14,,4.0772,33.58
2003-01-15,,4.0597,34.17
2003-01-16,,4.0773,34.66
2003-01-17,,4.0091,34.62
2003-01-20,,4.015,34.74
2003-01-21,,3.9703,34.85
2003-01-22,,3.9144,34.39
2003-01-23,,3.9355,33.69
2003-01-24,,3.9278,34.56
2003-01-27,,3.9625,33.85
2003-01-28,,3.9683,34.31
2003-01-29,,4.0208,35.16
2003-01-30,,3.9606,35.38
2003-01-31,,3.9625,35.25
2003-02-03,,3.9916,34.29
2003-02-04,,3.9199,35.24
2003-02-05,,3.9955,35.55
2003-02-06,,3.945,35.64
2003-02-07,,3.9294,36.66
2003-02-10,,3.9643,35.93
2003-02-11,,3.9566,36.73
2003-02-12,,3.9081,36.71
2003-02-13,,3.8769,37.3
2003-02-14,,3.961,37.35
2003-02-17,,3.9628,36.68
2003-02-18,,3.9494,37.39
2003-02-19,,3.8825,37.15
2003-02-20,,3.8673,36.27
2003-02-21,,3.8882,37.08
2003-02-24,,3.8445,38.09
2003-02-25,,3.8198,37.14
2003-02-26,,3.765,38.0
2003-02-27,,3.7367,37.97
2003-02-28,,3.6897,37.68
2003-03-03,,3.6728,37.32
2003-03-04,,3.6465,38.02
2003-03-05,,3.6278,37.92
2003-03-06,,3.6558,38.53
2003-03-07,,3.6406,39.19
2003-03-10,,3.5606,38.71
2003-03-11,,3.5809,38.25
2003-03-12,,3.5808,38.91
2003-03-13,,3.7456,37.22
2003-03-14,,3.7002,35.3
2003-03-17,,3.8384,34.54
2003-03-18,,3.9053,31.93
2003-03-19,,3.9843,31.34
2003-03-20,,3.9534,29.88
2003-03-21,,4.1031,28.53
2003-03-24,,3.9651,30.57
2003-03-25,,3.9419,29.07
2003-03-26,,3.9284,29.63
2003-03-27,,3.9226,31.42
2003-03-28,,3.8976,30.87
2003-03-31,,3.796,31.85
2003-04-01,,3.8095,30.88
2003-04-02,,3.9285,29.54
2003-04-03,,3.9092,29.88
2003-04-04,,3.9517,28.92
2003-04-07,,3.9769,28.8
2003-04-08,,3.9324,28.82
2003-04-09,,3.8957,29.58
2003-04-10,,3.9421,28.67
2003-04-11,,3.9712,29.0
2003-04-14,,4.014,29.09
2003-04-15,,3.9848,29.46
2003-04-16,,3.9382,29.29
2003-04-17,,3.9558,30.3
2003-04-18,,3.9558,
2003-04-21,,3.9811,
2003-04-22,,3.9636,29.81
2003-04-23,,3.9753,28.4
2003-04-24,,3.9189,28.48
2003-04-25,,3.888,28.2
2003-04-28,,3.9015,27.51
2003-04-29,,3.9267,27.23
2003-04-30,,3.8359,27.72
2003-05-01,,3.8397,27.89
2003-05-02,,3.919,27.54
2003-05-05,,3.8841,
2003-05-06,,3.7839,27.59
2003-05-07,,3.675,28.23
2003-05-08,,3.6807,28.86
2003-05-09,,3.6796,29.38
2003-05-12,,3.6419,29.14
2003-05-13,,3.6025,30.13
2003-05-14,,3.5204,31.0
2003-05-15,,3.5297,30.43
2003-05-16,,3.4185,30.88
2003-05-19,,3.485,30.3
2003-05-20,,3.3542,30.35
2003-05-21,,3.3963,31.01
2003-05-22,,3.3138,30.72
2003-05-23,,3.3354,31.04
2003-05-26,,3.3317,
2003-05-27,,3.4106,31.16
2003-05-28,,3.4235,30.27
2003-05-29,,3.3352,30.8
2003-05-30,,3.3699,31.14
2003-06-02,,3.4085,32.39
2003-06-03,,3.3293,32.27
2003-06-04,,3.2927,31.72
2003-06-05,,3.342,32.46
2003-06-06,,3.351,32.87
2003-06-09,,3.2758,32.95
2003-06-10,,3.1903,33.22
2003-06-11,,3.2101,33.53
2003-06-12,,3.163,32.75
2003-06-13,,3.1121,31.75
2003-06-16,,3.1716,32.07
2003-06-17,,3.2605,32.09
2003-06-18,,3.3614,31.6
2003-06-19,,3.3374,31.63
2003-06-20,,3.3648,32.51
2003-06-23,,3.3113,32.4
2003-06-24,,3.2489,32.03
2003-06-25,,3.4035,33.27
2003-06-26,,3.5416,32.53
2003-06-27,,3.5415,32.85
2003-06-30,,3.5133,34.09
2003-07-01,,3.5471,34.06
2003-07-02,,3.5358,33.65
2003-07-03,,3.6607,33.93
2003-07-04,,3.6474,33.24
2003-07-07,,3.7315,33.47
2003-07-08,,3.7143,33.65
2003-07-09,,3.6798,34.54
2003-07-10,,3.655,34.75
2003-07-11,,3.6265,35.12
2003-07-14,,3.724,34.98
2003-07-15,,3.9807,35.13
2003-07-16,,3.918,34.38
2003-07-17,,3.92,34.7
2003-07-18,,3.9989,35.07
2003-07-21,,4.2105,34.78
2003-07-22,,4.1223,33.33
2003-07-23,,4.1084,33.68
2003-07-24,,4.1646,34.14
2003-07-25,,4.175,34.16
2003-07-28,,4.2802,33.98
2003-07-29,,4.4381,34.07
2003-07-30,,4.307,34.55
2003-07-31,,4.4055,34.39
2003-08-01,,4.3834,36.36
2003-08-04,,4.2833,35.8
2003-08-05,,4.3899,36.29
2003-08-06,,4.2674,35.74
2003-08-07,,4.2168,36.67
2003-08-08,,4.2694,36.36
2003-08-11,,4.353,36.26
2003-08-12,,4.4256,36.19
2003-08-13,,4.5602,35.09
2003-08-14,,4.4887,35.36
2003-08-15,,4.5285,35.28
2003-08-18,,4.4572,35.1
2003-08-19,,4.3609,34.87
2003-08-20,,4.4355,35.32
2003-08-21,,4.4751,36.38
2003-08-22,,4.4732,36.37
2003-08-25,,4.5249,
2003-08-26,,4.4733,36.46
2003-08-27,,4.5349,35.73
2003-08-28,,4.4141,36.05
2003-08-29,,4.4636,36.11
2003-09-01,,4.4577,35.82
2003-09-02,,4.5993,33.7
2003-09-03,,4.5933,33.97
2003-09-04,,4.5034,33.44
2003-09-05,,4.3474,33.32
2003-09-08,,4.4262,33.27
2003-09-09,,4.3552,33.52
2003-09-10,,4.2711,33.7
2003-09-11,,4.3141,33.09
2003-09-12,,4.2516,32.78
2003-09-15,,4.2671,32.91
2003-09-16,,4.2749,32.31
2003-09-17,,4.1777,31.91
2003-09-18,,4.1622,31.81
2003-09-19,,4.1602,31.48
2003-09-22,,4.2164,31.74
2003-09-23,,4.2047,31.73
2003-09-24,,4.1331,33.16
2003-09-25,,4.081,33.33
2003-09-26,,4.0005,33.12
2003-09-29,,4.0751,33.36
2003-09-30,,3.9376,34.32
2003-10-01,,3.9318,34.66
2003-10-02,,3.9926,35.15
2003-10-03,,4.1987,35.69
2003-10-06,,4.1695,35.92
2003-10-07,,4.2573,36.09
2003-10-08,,4.2357,35.72
2003-10-09,,4.2906,37.47
2003-10-10,,4.269,38.42
2003-10-13,,4.2513,38.13
2003-10-14,,4.3439,37.93
2003-10-15,,4.3974,38.02
2003-10-16,,4.4593,37.89
2003-10-17,,4.3876,36.66
2003-10-20,,4.3817,36.15
2003-10-21,,4.342,36.16
2003-10-22,,4.2513,35.72
2003-10-23,,4.3163,36.16
2003-10-24,,4.2297,36.1
2003-10-27,,4.2592,35.86
2003-10-28,,4.1768,35.41
2003-10-29,,4.2946,34.66
2003-10-30,,4.3422,34.23
2003-10-31,,4.2927,34.98
2003-11-03,,4.3403,34.55
2003-11-04,,4.2947,34.3
2003-11-05,,4.3522,36.12
2003-11-06,,4.4081,35.88
2003-11-07,,4.4383,36.51
2003-11-10,,4.4464,36.61
2003-11-11,,4.4464,36.92
2003-11-12,,4.3983,36.79
2003-11-13,,4.269,37.33
2003-11-14,,4.2171,37.66
2003-11-17,,4.194,37.01
2003-11-18,,4.1421,38.82
2003-11-19,,4.2364,37.94
2003-11-20,,4.1516,37.66
2003-11-21,,4.1592,37.4
2003-11-24,,4.2286,35.49
2003-11-25,,4.1841,35.59
2003-11-26,,4.2459,36.27
2003-11-27,,4.2459,36.56
2003-11-28,,4.3316,36.24
2003-12-01,,4.3846,35.99
2003-12-02,,4.3787,36.87
2003-12-03,,4.4023,37.12
2003-12-04,,4.365,37.24
2003-12-05,,4.2303,36.61
2003-12-08,,4.2672,38.19
2003-12-09,,4.3513,37.75
2003-12-10,,4.316,37.79
2003-12-11,,4.2302,37.67
2003-12-12,,4.2379,38.69
2003-12-15,,4.2574,38.79
2003-12-16,,4.2127,38.43
2003-12-17,,4.1816,39.23
2003-12-18,,4.1256,39.5
2003-12-19,,4.1332,38.54
2003-12-22,,4.1679,37.18
2003-12-23,,4.2593,37.24
2003-12-24,,4.1834,37.27
2003-12-25,,4.1833,
2003-12-26,,4.1503,
2003-12-29,,4.2417,37.59
2003-12-30,,4.2573,38.14
2003-12-31,,4.2455,38.69
2004-01-01,,4.2455,
2004-01-02,,4.3794,37.6
2004-01-05,,4.3774,39.61
2004-01-06,,4.271,39.52
2004-01-07,,4.2416,39.45
2004-01-08,,4.2553,39.86
2004-01-09,,4.0803,40.23
2004-01-12,,4.0861,40.73
2004-01-13,,4.011,40.27
2004-01-14,,3.9937,39.91
2004-01-15,,3.9688,38.3
2004-01-16,,4.0299,39.78
2004-01-19,,4.0298,39.91
2004-01-20,,4.0548,40.77
2004-01-21,,4.0182,40.29
2004-01-22,,3.953,40.61
2004-01-23,,4.072,40.42
2004-01-26,,4.1301,39.75
2004-01-27,,4.0738,39.46
2004-01-28,,4.1885,38.86
2004-01-29,,4.1729,38.03
2004-01-30,,4.1319,38.09
2004-02-02,,4.1455,39.46
2004-02-03,,4.0968,38.51
2004-02-04,,4.1123,37.7
2004-02-05,,4.1669,38.21
2004-02-06,,4.0772,37.64
2004-02-09,,4.052,38.0
2004-02-10,,4.1121,39.33
2004-02-11,,4.0306,39.16
2004-02-12,,4.0441,39.38
2004-02-13,,4.0402,40.17
2004-02-16,,4.0402,39.84
2004-02-17,,4.0383,40.33
2004-02-18,,4.0479,40.72
2004-02-19,,4.0306,40.5
2004-02-20,,4.0961,40.33
2004-02-23,,4.0363,40.48
2004-02-24,,4.0229,40.48
2004-02-25,,4.0075,41.48
2004-02-26,,4.0344,41.48
2004-02-27,,3.9711,42.35
2004-03-01,,3.973,43.81
2004-03-02,,4.0421,43.56
2004-03-03,,4.0498,42.35
2004-03-04,,4.0151,43.22
2004-03-05,,3.8491,43.82
2004-03-08,,3.768,43.06
2004-03-09,,3.7211,42.35
2004-03-10,,3.7285,42.03
2004-03-11,,3.6985,43.14
2004-03-12,,3.777,42.36
2004-03-15,,3.7619,43.86
2004-03-16,,3.6794,43.69
2004-03-17,,3.7111,44.82
2004-03-18,,3.7542,44.29
2004-03-19,,3.771,44.46
2004-03-22,,3.7126,43.85
2004-03-23,,3.6901,44.53
2004-03-24,,3.7069,44.13
2004-03-25,,3.7368,42.55
2004-03-26,,3.8292,42.76
2004-03-29,,3.8882,42.43
2004-03-30,,3.8939,43.38
2004-03-31,,3.8348,42.12
2004-04-01,,3.8786,42.18
2004-04-02,,4.1435,40.38
2004-04-05,,4.2064,41.03
2004-04-06,,4.1475,41.91
2004-04-07,,4.1573,43.38
2004-04-08,,4.1909,44.57
2004-04-09,,4.1909,
2004-04-12,,4.2285,
2004-04-13,,4.3519,44.52
2004-04-14,,4.364,44.57
2004-04-15,,4.4003,45.41
2004-04-16,,4.3383,45.17
2004-04-19,,4.3845,44.93
2004-04-20,,4.4573,44.46
2004-04-21,,4.423,43.59
2004-04-22,,4.3807,44.84
2004-04-23,,4.4578,44.43
2004-04-26,,4.4336,45.09
2004-04-27,,4.3832,46.03
2004-04-28,,4.4967,46.07
2004-04-29,,4.5356,46.17
2004-04-30,,4.5053,46.3
2004-05-03,,4.4993,
2004-05-04,,4.5649,48.25
2004-05-05,,4.5794,49.31
2004-05-06,,4.598,49.05
2004-05-07,,4.7709,49.69
2004-05-10,,4.7921,48.3
2004-05-11,,4.7462,50.17
2004-05-12,,4.805,51.06
2004-05-13,,4.8516,51.59
2004-05-14,,4.7678,51.8
2004-05-17,,4.6887,51.87
2004-05-18,,4.7341,50.55
2004-05-19,,4.7717,51.85
2004-05-20,,4.7004,50.98
2004-05-21,,4.7558,49.95
2004-05-24,,4.732,52.22
2004-05-25,,4.7201,51.22
2004-05-26,,4.6549,50.73
2004-05-27,,4.5999,49.59
2004-05-28,,4.6468,50.05
2004-05-31,,4.6468,
2004-06-01,,4.7001,53.47
2004-06-02,,4.7377,50.43
2004-06-03,,4.7099,49.8
2004-06-04,,4.7715,48.8
2004-06-07,,4.7596,49.2
2004-06-08,,4.7615,47.95
2004-06-09,,4.8055,48.28
2004-06-10,,4.7935,48.9
2004-06-11,,4.7995,48.49
2004-06-14,,4.8698,48.51
2004-06-15,,4.676,47.9
2004-06-16,,4.7216,48.13
2004-06-17,,4.6779,49.51
2004-06-18,,4.7096,49.51
2004-06-21,,4.6837,48.03
2004-06-22,,4.7175,48.69
2004-06-23,,4.6956,47.9
2004-06-24,,4.644,48.27
2004-06-25,,4.6459,47.82
2004-06-28,,4.7354,46.08
2004-06-29,,4.6855,45.27
2004-06-30,,4.5806,47.17
2004-07-01,,4.5629,49.32
2004-07-02,,4.4589,49.11
2004-07-05,,4.4549,49.63
2004-07-06,,4.4743,50.84
2004-07-07,,4.4743,50.06
2004-07-08,,4.4704,51.64
2004-07-09,,4.4565,50.66
2004-07-12,,4.4447,50.09
2004-07-13,,4.47,49.96
2004-07-14,,4.4797,52.04
2004-07-15,,4.4797,51.69
2004-07-16,,4.3491,52.4
2004-07-19,,4.3509,52.26
2004-07-20,,4.4441,51.04
2004-07-21,3.01,4.4656,51.24
2004-07-22,2.98,4.444,52.42
2004-07-23,3.04,4.4301,52.77
2004-07-26,3.07,4.4848,52.55
2004-07-27,3.07,4.6132,53.15
2004-07-28,3.09,4.5834,54.51
2004-07-29,3.13,4.5754,54.13
2004-07-30,3.11,4.4747,55.2
2004-08-02,3.05,4.4491,55.12
2004-08-03,3.02,4.4236,56.04
2004-08-04,3.05,4.4176,54.75
2004-08-05,3.05,4.4,56.7
2004-08-06,3.01,4.2196,56.03
2004-08-09,3.03,4.2561,57.31
2004-08-10,3.04,4.2888,56.93
2004-08-11,3.04,4.2713,57.33
2004-08-12,3.1,4.2538,58.32
2004-08-13,3.03,4.2268,60.51
2004-08-16,3.02,4.2616,60.2
2004-08-17,3.0,4.1901,60.62
2004-08-18,3.0,4.2364,60.68
2004-08-19,3.03,4.2132,62.51
2004-08-20,3.045,4.2325,61.4
2004-08-23,3.05,4.2829,60.68
2004-08-24,3.045,4.2712,59.68
2004-08-25,3.025,4.2615,57.37
2004-08-26,2.995,4.2092,56.87
2004-08-27,2.99,4.2265,57.31
2004-08-30,,4.1763,
2004-08-31,2.98,4.1167,55.86
2004-09-01,2.98,4.1128,58.48
2004-09-02,2.98,4.2129,58.62
2004-09-03,3.005,4.2945,58.14
2004-09-06,3.025,4.2906,57.28
2004-09-07,2.99,4.238,57.48
2004-09-08,2.985,4.1587,56.96
2004-09-09,2.93,4.1953,59.54
2004-09-10,2.955,4.1856,56.69
2004-09-13,2.95,4.1354,58.06
2004-09-14,2.925,4.1238,58.67
2004-09-15,2.91,4.1643,57.49
2004-09-16,2.9,4.0719,58.06
2004-09-17,,4.1064,60.48
2004-09-20,,4.0564,61.13
2004-09-21,,4.0353,61.82
2004-09-22,,3.978,64.01
2004-09-23,,4.0161,64.3
2004-09-24,,4.0273,64.58
2004-09-27,,3.9891,65.44
2004-09-28,,4.0024,66.18
2004-09-29,,4.0866,65.65
2004-09-30,,4.1194,66.08
2004-10-01,,4.1871,66.42
2004-10-04,,4.1637,65.81
2004-10-05,,4.1734,67.15
2004-10-06,,4.2201,68.37
2004-10-07,,4.2416,69.67
2004-10-08,,4.1286,70.82
2004-10-11,,4.1305,72.18
2004-10-12,,4.0976,70.66
2004-10-13,,4.0552,71.67
2004-10-14,,4.0244,72.85
2004-10-15,,4.0531,72.61
2004-10-18,,4.0415,71.13
2004-10-19,,4.0318,70.93
2004-10-20,,3.98,73.47
2004-10-21,,3.9952,73.76
2004-10-22,,3.974,74.49
2004-10-25,,3.9701,73.85
2004-10-26,,3.9988,74.98
2004-10-27,,4.0816,71.91
2004-10-28,,4.0487,70.34
2004-10-29,,4.0235,71.23
2004-11-01,,4.0698,68.44
2004-11-02,,4.0465,67.7
2004-11-03,,4.0736,69.17
2004-11-04,,4.0716,66.91
2004-11-05,2.765,4.1727,67.51
2004-11-08,2.785,4.2158,66.78
2004-11-09,2.815,4.2257,63.57
2004-11-10,2.85,4.2394,65.08
2004-11-11,2.89,4.2519,62.56
2004-11-12,2.885,4.1786,61.53
2004-11-15,2.87,4.1863,60.59
2004-11-16,2.925,4.2056,59.53
2004-11-17,2.93,4.1287,60.19
2004-11-18,2.93,4.1134,60.14
2004-11-19,2.955,4.2035,63.19
2004-11-22,2.925,4.1784,62.47
2004-11-23,2.95,4.1823,62.57
2004-11-24,2.95,4.1976,63.09
2004-11-25,2.95,4.1937,62.87
2004-11-26,2.95,4.2459,62.74
2004-11-29,2.95,4.3179,64.4
2004-11-30,2.95,4.3492,64.06
2004-12-01,2.94,4.3649,59.56
2004-12-02,2.905,4.4063,56.52
2004-12-03,2.905,4.2497,55.41
2004-12-06,2.805,4.2206,55.82
2004-12-07,2.82,4.2206,53.87
2004-12-08,2.805,4.1183,54.46
2004-12-09,2.795,4.1664,55.84
2004-12-10,2.8,4.1489,52.62
2004-12-13,2.78,4.147,53.27
2004-12-14,2.81,4.1219,54.47
2004-12-15,2.775,4.0739,57.95
2004-12-16,2.775,4.1836,57.2
2004-12-17,,4.199,59.91
2004-12-20,,4.1835,58.61
2004-12-21,,4.1622,58.5
2004-12-22,2.86,4.1931,56.11
2004-12-23,2.855,4.2242,56.21
2004-12-24,2.87,4.2144,55.32
2004-12-27,2.87,4.2965,
2004-12-28,2.87,4.2906,
2004-12-29,2.89,4.322,54.08
2004-12-30,2.89,4.2534,55.74
2004-12-31,,4.2182,55.86
2005-01-03,,4.2104,
2005-01-04,2.88,4.2886,56.66
2005-01-05,2.805,4.2808,55.93
2005-01-06,2.825,4.2612,59.16
2005-01-07,2.845,4.269,59.62
2005-01-10,2.81,4.269,59.26
2005-01-11,2.795,4.2357,59.54
2005-01-12,2.8,4.2337,60.4
2005-01-13,2.775,4.1635,62.9
2005-01-14,2.825,4.208,62.72
2005-01-17,2.83,4.2082,62.81
2005-01-18,,4.1848,63.32
2005-01-19,2.885,4.1711,62.37
2005-01-20,2.855,4.1614,61.82
2005-01-21,2.825,4.1399,63.79
2005-01-24,2.805,4.1204,64.18
2005-01-25,2.78,4.1925,65.51
2005-01-26,2.715,4.1964,64.88
2005-01-27,2.775,4.2179,64.78
2005-01-28,2.775,4.1397,62.7
2005-01-31,2.695,4.128,64.06
2005-02-01,2.795,4.1377,62.52
2005-02-02,2.755,4.1396,61.39
2005-02-03,2.745,4.163,61.17
2005-02-04,2.695,4.0753,61.22
2005-02-07,2.69,4.0501,60.04
2005-02-08,2.7,4.0153,60.08
2005-02-09,2.745,3.979,60.19
2005-02-10,2.705,4.0888,62.35
2005-02-11,2.695,4.0844,62.74
2005-02-14,,4.069,63.09
2005-02-15,2.69,4.096,62.89
2005-02-16,2.69,4.1521,63.95
2005-02-17,2.69,4.1794,63.49
2005-02-18,2.825,4.2655,64.21
2005-02-21,2.83,4.2616,64.75
2005-02-22,2.83,4.2853,67.37
2005-02-23,2.83,4.2617,67.22
2005-02-24,2.83,4.2833,68.5
2005-02-25,2.83,4.2638,68.74
2005-02-28,2.835,4.3766,69.36
2005-03-01,2.875,4.3647,69.43
2005-03-02,2.895,4.3767,70.97
2005-03-03,2.9,4.3768,71.98
2005-03-04,2.865,4.3076,71.77
2005-03-07,2.885,4.3076,72.18
2005-03-08,2.905,4.3911,73.22
2005-03-09,2.915,4.5196,73.96
2005-03-10,2.945,4.4633,72.97
2005-03-11,2.905,4.5423,73.58
2005-03-14,2.95,4.508,74.43
2005-03-15,2.89,4.5445,74.63
2005-03-16,2.94,4.5062,76.42
2005-03-17,2.935,4.464,76.67
2005-03-18,2.98,4.5066,77.4
2005-03-21,,4.5229,77.49
2005-03-22,,4.6411,76.01
2005-03-23,2.92,4.5841,73.85
2005-03-24,,4.5968,75.09
2005-03-25,,4.5929,
2005-03-28,,4.64,
2005-03-29,2.885,4.5726,73.84
2005-03-30,2.9,4.5462,72.53
2005-03-31,2.9,4.4815,75.59
2005-04-01,2.895,4.4475,78.69
2005-04-04,2.865,4.4556,78.3
2005-04-05,2.87,4.4678,77.2
2005-04-06,2.87,4.4215,76.96
2005-04-07,2.885,4.4802,75.25
2005-04-08,2.885,4.4683,73.65
2005-04-11,2.875,4.428,74.09
2005-04-12,2.9,4.3518,72.49
2005-04-13,2.93,4.3599,70.24
2005-04-14,2.915,4.308,71.48
2005-04-15,2.88,4.2406,70.55
2005-04-18,2.885,4.2704,69.42
2005-04-19,2.885,4.2109,72.37
2005-04-20,2.89,4.1853,73.52
2005-04-21,2.875,4.2945,73.83
2005-04-22,2.875,4.2449,75.14
2005-04-25,2.85,4.2469,74.36
2005-04-26,2.845,4.2649,74.01
2005-04-27,2.81,4.2232,71.48
2005-04-28,2.83,4.1442,71.74
2005-04-29,2.85,4.1976,69.84
2005-05-02,,4.1858,
2005-05-03,2.835,4.1641,69.06
2005-05-04,2.82,4.1859,69.68
2005-05-05,2.84,4.1543,69.89
2005-05-06,2.84,4.2576,69.4
2005-05-09,2.85,4.2816,70.11
2005-05-10,2.815,4.2,70.3
2005-05-11,2.795,4.202,68.45
2005-05-12,2.775,4.1703,66.08
2005-05-13,2.74,4.1173,66.52
2005-05-16,2.745,4.1269,65.98
2005-05-17,2.735,4.1134,66.32
2005-05-18,2.69,4.0884,64.72
2005-05-19,2.64,4.1115,64.35
2005-05-20,2.685,4.121,64.56
2005-05-23,2.685,4.0538,65.01
2005-05-24,2.695,4.0271,65.62
2005-05-25,2.645,4.0864,67.3
2005-05-26,2.645,4.0787,67.42
2005-05-27,,4.0709,68.14
2005-05-30,,4.069,
2005-05-31,2.64,3.981,68.18
2005-06-01,2.65,3.8844,71.6
2005-06-02,,3.9032,70.43
2005-06-03,2.6,3.9732,72.81
2005-06-06,2.605,3.9522,72.14
2005-06-07,2.565,3.901,71.41
2005-06-08,2.535,3.9331,70.04
2005-06-09,2.54,3.9483,72.34
2005-06-10,2.55,4.0514,70.79
2005-06-13,2.53,4.0918,73.63
2005-06-14,2.525,4.1072,72.47
2005-06-15,2.475,4.0995,72.93
2005-06-16,2.57,4.0667,74.22
2005-06-17,2.55,4.0705,76.26
2005-06-20,2.555,4.1091,77.0
2005-06-21,2.565,4.0396,75.91
2005-06-22,2.525,3.94,74.7
2005-06-23,2.495,3.9514,76.52
2005-06-24,2.485,3.917,77.05
2005-06-27,2.475,3.9017,78.29
2005-06-28,2.5,3.9703,75.49
2005-06-29,2.485,3.9779,74.13
2005-06-30,2.515,3.913,73.38
2005-07-01,2.555,4.0489,75.97
2005-07-04,,4.0373,76.5
2005-07-05,2.495,4.105,76.96
2005-07-06,2.53,4.0682,79.02
2005-07-07,2.51,4.0605,78.26
2005-07-08,2.475,4.0914,76.84
2005-07-11,2.505,4.0933,75.84
2005-07-12,2.54,4.142,77.38
2005-07-13,2.55,4.1556,76.57
2005-07-14,2.475,4.1732,73.84
2005-07-15,2.53,4.1635,74.68
2005-07-18,,4.2204,73.88
2005-07-19,,4.1792,74.36
2005-07-20,,4.1576,73.44
2005-07-21,2.63,4.2757,72.23
2005-07-22,2.64,4.2185,74.64
2005-07-25,2.655,4.2442,75.01
2005-07-26,2.595,4.2245,75.23
2005-07-27,2.695,4.2541,75.2
2005-07-28,2.68,4.1891,76.17
2005-07-29,2.7,4.276,76.96
2005-08-01,2.715,4.3099,78.35
2005-08-02,2.645,4.3338,78.58
2005-08-03,2.695,4.292,77.33
2005-08-04,2.675,4.312,77.94
2005-08-05,2.67,4.3861,79.17
2005-08-08,2.685,4.4184,81.28
2005-08-09,2.715,4.3883,80.35
2005-08-10,2.655,4.3903,82.95
2005-08-11,2.655,4.3203,84.75
2005-08-12,2.605,4.2423,86.14
2005-08-15,2.605,4.281,85.85
2005-08-16,2.635,4.2056,85.33
2005-08-17,2.63,4.2674,82.02
2005-08-18,2.63,4.1978,81.81
2005-08-19,2.635,4.2054,84.38
2005-08-22,2.63,4.2073,84.57
2005-08-23,2.615,4.1784,84.76
2005-08-24,2.655,4.1649,86.55
2005-08-25,2.62,4.1553,86.89
2005-08-26,2.61,4.186,85.05
2005-08-29,,4.1667,
2005-08-30,,4.0899,88.59
2005-08-31,,4.0137,87.87
2005-09-01,2.6575,4.0307,88.79
2005-09-02,2.6925,4.0362,86.61
2005-09-05,2.68,4.0285,85.03
2005-09-06,2.6875,4.0953,84.79
2005-09-07,2.71,4.1375,82.46
2005-09-08,2.7125,4.1452,82.71
2005-09-09,2.67,4.1181,82.39
2005-09-12,2.665,4.1701,81.03
2005-09-13,2.635,4.1258,80.87
2005-09-14,2.7175,4.1643,83.37
2005-09-15,2.775,4.2107,82.76
2005-09-16,2.785,4.271,80.35
2005-09-19,2.7775,4.2457,85.29
2005-09-20,2.735,4.2418,83.46
2005-09-21,2.705,4.166,84.15
2005-09-22,2.7775,4.1795,83.98
2005-09-23,,4.2456,81.17
2005-09-26,2.73,4.2906,83.11
2005-09-27,2.7175,4.2808,81.86
2005-09-28,2.75,4.2534,83.11
2005-09-29,2.7575,4.2945,82.99
2005-09-30,2.7525,4.324,82.52
2005-10-03,2.7625,4.3833,81.64
2005-10-04,2.7275,4.3674,79.58
2005-10-05,2.7225,4.3398,78.15
2005-10-06,2.7325,4.3873,75.88
2005-10-07,2.6775,4.354,76.97
2005-10-10,2.68,4.3557,76.41
2005-10-11,2.705,4.3914,78.1
2005-10-12,2.7625,4.4392,78.57
2005-10-13,2.765,4.4612,77.64
2005-10-14,2.7925,4.4793,76.55
2005-10-17,2.8025,4.4934,77.95
2005-10-18,2.8047,4.4694,76.29
2005-10-19,2.795,4.4594,75.41
2005-10-20,2.8025,4.4295,74.53
2005-10-21,2.7067,4.3837,75.26
2005-10-24,2.7325,4.4436,74.95
2005-10-25,2.7497,4.5341,77.52
2005-10-26,2.8025,4.5827,75.76
2005-10-27,2.8154,4.5463,76.11
2005-10-28,2.8279,4.5648,76.47
2005-10-31,2.8575,4.5506,74.77
2005-11-01,2.8675,4.5629,75.12
2005-11-02,2.9025,4.6036,75.13
2005-11-03,2.9225,4.6465,77.88
2005-11-04,2.9172,4.659,76.25
2005-11-07,3.0125,4.6223,74.69
2005-11-08,2.9475,4.5512,74.4
2005-11-09,2.99,4.6388,73.2
2005-11-10,2.9,4.5535,71.66
2005-11-11,2.93,4.5333,70.77
2005-11-14,2.9125,4.6043,70.67
2005-11-15,2.895,4.5569,69.76
2005-11-16,2.8575,4.4706,70.79
2005-11-17,2.8425,4.4569,69.34
2005-11-18,2.86,4.4881,69.38
2005-11-21,2.7975,4.4588,69.96
2005-11-22,2.835,4.4256,71.31
2005-11-23,2.8372,4.47,71.06
2005-11-24,2.8,4.47,69.91
2005-11-25,2.8025,4.4274,69.54
2005-11-28,2.8375,4.404,69.38
2005-11-29,2.8447,4.4743,68.67
2005-11-30,2.8675,4.484,69.59
2005-12-01,2.8525,4.5135,70.98
2005-12-02,2.805,4.5115,72.12
2005-12-05,2.915,4.5687,72.98
2005-12-06,2.8425,4.482,72.83
2005-12-07,2.855,4.5095,72.03
2005-12-08,2.8175,4.4623,74.17
2005-12-09,2.8675,4.5233,72.45
2005-12-12,2.865,4.547,75.14
2005-12-13,2.8625,4.5193,75.1
2005-12-14,2.8225,4.4563,74.9
2005-12-15,2.8325,4.4602,74.35
2005-12-16,2.8175,4.4327,71.51
2005-12-19,2.805,4.4385,70.23
2005-12-20,2.7875,4.4601,70.31
2005-12-21,2.777,4.4877,71.0
2005-12-22,2.797,4.4267,70.79
2005-12-23,2.79,4.372,70.96
2005-12-26,2.775,,
2005-12-27,2.755,4.3366,70.46
2005-12-28,2.7775,4.3737,72.15
2005-12-29,2.7475,4.3541,72.69
2005-12-30,2.8098,4.3911,73.83
2006-01-02,2.785,4.3911,
2006-01-03,2.805,4.3637,76.79
2006-01-04,2.805,4.3422,77.21
2006-01-05,2.7425,4.3519,76.52
2006-01-06,2.705,4.3733,78.51
2006-01-09,2.725,4.3654,77.62
2006-01-10,2.7975,4.4243,77.51
2006-01-11,2.8229,4.4518,77.82
2006-01-12,2.8025,4.4026,78.38
2006-01-13,2.725,4.3534,77.93
2006-01-16,2.7275,4.3534,78.65
2006-01-17,2.7575,4.324,80.8
2006-01-18,2.785,4.3318,79.91
2006-01-19,2.8125,4.3729,81.21
2006-01-20,2.7825,4.3493,82.7
2006-01-23,2.7825,4.3551,82.36
2006-01-24,2.7625,4.3904,81.34
2006-01-25,2.8025,4.4754,79.96
2006-01-26,2.885,4.5172,80.82
2006-01-27,2.905,4.5092,82.46
2006-01-30,2.8625,4.5251,82.9
2006-01-31,2.8875,4.5152,82.15
2006-02-01,2.9,4.5551,80.96
2006-02-02,2.8825,4.5571,78.28
2006-02-03,2.8825,4.5232,78.92
2006-02-06,2.9275,4.5432,78.84
2006-02-07,2.93,4.5652,76.64
2006-02-08,2.9075,4.5873,76.02
2006-02-09,2.9375,4.5432,75.63
2006-02-10,2.825,4.5845,74.25
2006-02-13,2.9525,4.5766,73.71
2006-02-14,2.8825,4.6102,72.38
2006-02-15,2.8525,4.5964,70.71
2006-02-16,2.8725,4.5825,71.49
2006-02-17,2.88,4.5372,72.82
2006-02-20,3.055,4.5372,74.83
2006-02-21,2.875,4.5648,74.9
2006-02-22,2.8525,4.5215,73.49
2006-02-23,2.85,4.5549,73.62
2006-02-24,2.86,4.5727,76.12
2006-02-27,2.8225,4.5905,74.16
2006-02-28,2.8525,4.551,75.1
2006-03-01,2.8825,4.5845,75.94
2006-03-02,2.9075,4.6282,77.91
2006-03-03,2.8961,4.6801,78.04
2006-03-06,2.9575,4.7504,75.8
2006-03-07,2.95,4.7223,74.38
2006-03-08,2.9175,4.7263,73.0
2006-03-09,2.9709,4.7243,74.25
2006-03-10,2.9162,4.7567,73.97
2006-03-13,2.873,4.7668,75.63
2006-03-14,2.9298,4.6924,77.7
2006-03-15,2.9372,4.7266,76.3
2006-03-16,2.901,4.6404,77.64
2006-03-17,2.8326,4.6705,76.49
2006-03-20,2.8104,4.6565,74.17
2006-03-21,2.78,4.7167,75.13
2006-03-22,2.855,4.6986,74.36
2006-03-23,2.8524,4.7329,76.5
2006-03-24,2.875,4.6686,76.79
2006-03-27,2.945,4.7028,76.92
2006-03-28,2.8242,4.7797,78.56
2006-03-29,2.9182,4.8041,79.26
2006-03-30,2.925,4.8551,80.36
2006-03-31,2.95,4.8472,79.7
2006-04-03,2.9444,4.8615,80.82
2006-04-04,2.9008,4.8637,80.28
2006-04-05,2.975,4.8433,81.14
2006-04-06,2.9033,4.8987,82.03
2006-04-07,2.945,4.9774,81.37
2006-04-10,3.055,4.9526,83.31
2006-04-11,2.982,4.9197,83.64
2006-04-12,2.9221,4.9777,84.43
2006-04-13,2.99,5.0447,84.39
2006-04-14,3.025,5.0448,
2006-04-17,2.9411,5.0032,85.78
2006-04-18,3.025,4.9824,86.44
2006-04-19,3.075,5.0221,87.77
2006-04-20,3.055,5.0389,87.67
2006-04-21,3.065,5.0079,89.23
2006-04-24,2.961,4.9768,88.86
2006-04-25,3.0256,5.0667,87.18
2006-04-26,3.025,5.1046,87.15
2006-04-27,3.055,5.0669,85.44
2006-04-28,3.035,5.0505,87.22
2006-05-01,3.0837,5.1369,88.31
2006-05-02,3.125,5.1075,90.08
2006-05-03,3.07,5.1414,88.21
2006-05-04,3.1,5.1521,84.69
2006-05-05,3.029,5.0997,85.28
2006-05-08,3.095,5.1104,83.41
2006-05-09,3.045,5.1211,85.68
2006-05-10,3.085,5.1234,85.2
2006-05-11,3.065,5.151,87.24
2006-05-12,3.005,5.1938,86.84
2006-05-15,3.065,5.1533,83.73
2006-05-16,3.055,5.0947,83.61
2006-05-17,3.12,5.1431,82.37
2006-05-18,3.125,5.0605,83.12
2006-05-19,3.03,5.0584,81.94
2006-05-22,3.05,5.0383,82.74
2006-05-23,3.035,5.0123,84.7
2006-05-24,2.995,5.0363,82.58
2006-05-25,3.035,5.0683,84.36
2006-05-26,2.97,5.0481,84.21
2006-05-29,3.015,5.0481,
2006-05-30,3.12,5.0762,84.76
2006-05-31,3.155,5.1186,84.0
2006-06-01,3.055,5.0984,82.78
2006-06-02,3.015,4.9898,84.74
2006-06-05,3.0925,5.0177,85.15
2006-06-06,3.0025,4.9997,84.48
2006-06-07,3.0075,5.0177,82.54
2006-06-08,2.9825,4.9936,82.38
2006-06-09,2.945,4.9714,84.08
2006-06-12,2.995,4.9774,82.23
2006-06-13,2.9775,4.9613,79.99
2006-06-14,3.0325,5.0617,80.21
2006-06-15,3.0575,5.094,80.16
2006-06-16,3.0775,5.1264,80.57
2006-06-19,3.0625,5.1345,79.76
2006-06-20,3.0275,5.1487,79.73
2006-06-21,3.075,5.1528,81.0
2006-06-22,3.0675,5.208,81.92
2006-06-23,3.05,5.2223,81.89
2006-06-26,3.04,5.2326,82.83
2006-06-27,3.0025,5.1998,83.12
2006-06-28,3.025,5.2429,83.63
2006-06-29,3.0725,5.1936,85.35
2006-06-30,3.0375,5.1364,86.09
2006-07-03,3.02,5.1486,85.95
2006-07-04,3.08,5.1486,84.92
2006-07-05,3.02,5.2204,86.64
2006-07-06,3.01,5.1793,86.75
2006-07-07,3.0175,5.1261,86.09
2006-07-10,3.02,5.1241,85.36
2006-07-11,3.0075,5.0996,86.27
2006-07-12,3.0075,5.0976,87.17
2006-07-13,3.0125,5.063,89.76
2006-07-14,3.0375,5.0629,90.22
2006-07-17,3.02,5.0629,88.29
2006-07-18,3.0025,5.1302,86.47
2006-07-19,3.0225,5.0487,85.94
2006-07-20,3.0675,5.0263,85.73
2006-07-21,3.0125,5.0404,85.76
2006-07-24,3.075,5.0424,86.76
2006-07-25,2.975,5.0628,85.22
2006-07-26,3.0525,5.0302,86.05
2006-07-27,3.0875,5.0343,87.23
2006-07-28,3.085,4.9896,85.34
2006-07-31,3.0225,4.9794,87.39
2006-08-01,3.06,4.9753,88.25
2006-08-02,3.07,4.9632,89.41
2006-08-03,3.0825,4.9591,89.03
2006-08-04,3.0325,4.8925,88.58
2006-08-07,3.0425,4.9186,91.05
2006-08-08,3.11,4.9165,90.18
2006-08-09,3.1375,4.9367,89.87
2006-08-10,3.1125,4.9309,87.54
2006-08-11,3.125,4.9691,87.95
2006-08-14,3.05,4.9952,86.69
2006-08-15,3.01,4.9289,85.92
2006-08-16,2.9875,4.859,84.83
2006-08-17,2.9775,4.863,83.37
2006-08-18,3.035,4.841,84.21
2006-08-21,2.9675,4.8112,85.47
2006-08-22,3.01,4.8092,85.31
2006-08-23,3.0325,4.8072,83.88
2006-08-24,2.9325,4.7992,84.65
2006-08-25,3.095,4.7793,84.68
2006-08-28,3.075,4.7911,82.49
2006-08-29,2.9575,4.7772,81.37
2006-08-30,2.945,4.7515,81.74
2006-08-31,2.9475,4.7258,81.82
2006-09-01,2.9575,4.7236,80.54
2006-09-04,2.94,4.7235,78.86
2006-09-05,3.035,4.7789,79.31
2006-09-06,2.9675,4.7948,77.96
2006-09-07,2.94,4.7848,77.49
2006-09-08,2.985,4.7708,76.09
2006-09-11,2.82,4.8006,75.18
2006-09-12,2.915,4.7688,73.38
2006-09-13,2.9075,4.7588,73.38
2006-09-14,2.9575,4.7886,72.52
2006-09-15,2.9225,4.7885,72.28
2006-09-18,2.9425,4.8044,73.11
2006-09-19,2.9175,4.7328,70.96
2006-09-20,2.8775,4.7288,69.02
2006-09-21,2.7625,4.636,70.01
2006-09-22,2.8425,4.5888,68.95
2006-09-25,2.8525,4.5418,69.4
2006-09-26,2.8525,4.5828,68.62
2006-09-27,2.8725,4.5984,71.01
2006-09-28,2.8975,4.612,71.38
2006-09-29,2.8775,4.6276,71.31
2006-10-02,2.875,4.6,69.0
2006-10-03,2.88,4.6137,66.69
2006-10-04,2.8675,4.5587,67.59
2006-10-05,2.8625,4.6037,68.48
2006-10-06,2.865,4.6943,68.29
2006-10-09,2.99,4.6942,69.1
2006-10-10,2.915,4.7518,67.73
2006-10-11,2.8775,4.7778,66.94
2006-10-12,2.8825,4.7698,67.07
2006-10-13,2.8925,4.7977,67.94
2006-10-16,2.905,4.7757,69.03
2006-10-17,2.855,4.7656,68.23
2006-10-18,2.8525,4.7536,66.7
2006-10-19,2.8825,4.7816,68.15
2006-10-20,2.845,4.7855,66.82
2006-10-23,2.885,4.8277,66.29
2006-10-24,2.875,4.8196,67.02
2006-10-25,2.8925,4.7614,69.47
2006-10-26,2.885,4.7174,68.04
2006-10-27,2.88,4.6715,68.38
2006-10-30,2.875,4.6694,65.7
2006-10-31,2.8825,4.5981,66.09
2006-11-01,2.97,4.5645,66.03
2006-11-02,2.895,4.594,64.79
2006-11-03,2.89,4.715,66.22
2006-11-06,2.915,4.693,66.89
2006-11-07,2.9275,4.6571,65.47
2006-11-08,2.9475,4.6352,66.72
2006-11-09,2.9475,4.6253,68.65
2006-11-10,2.9225,4.5877,66.85
2006-11-13,2.8625,4.6093,66.04
2006-11-14,2.8775,4.5622,65.66
2006-11-15,2.8975,4.6171,66.23
2006-11-16,2.865,4.6644,63.97
2006-11-17,2.835,4.5993,64.46
2006-11-20,2.8025,4.5973,64.45
2006-11-21,2.745,4.5698,65.99
2006-11-22,2.78,4.558,65.0
2006-11-23,2.87,4.5579,64.85
2006-11-24,2.8325,4.548,65.59
2006-11-27,2.795,4.5285,66.04
2006-11-28,2.7825,4.5011,66.88
2006-11-29,2.8125,4.5206,68.92
2006-11-30,2.8025,4.4581,70.22
2006-12-01,2.8604,4.4327,70.61
2006-12-04,2.8375,4.4229,69.33
2006-12-05,2.86,4.4403,69.19
2006-12-06,2.765,4.4851,68.92
2006-12-07,2.7475,4.4811,68.37
2006-12-08,2.7725,4.5437,67.96
2006-12-11,2.755,4.5182,67.57
2006-12-12,2.745,4.4848,67.12
2006-12-13,2.7475,4.5791,67.17
2006-12-14,2.7175,4.5968,68.43
2006-12-15,2.725,4.5928,69.08
2006-12-18,2.6825,4.5809,67.6
2006-12-19,2.72,4.5888,68.34
2006-12-20,2.6975,4.5947,68.8
2006-12-21,2.6875,4.5454,67.96
2006-12-22,2.66,4.6185,67.92
2006-12-25,2.735,4.6184,
2006-12-26,2.735,4.5986,66.48
2006-12-27,2.6975,4.6503,65.85
2006-12-28,2.7125,4.6802,66.02
2006-12-29,2.725,4.7022,66.22
2007-01-01,2.6037,4.7022,
2007-01-02,2.7275,4.6802,65.76
2007-01-03,2.7225,4.6582,63.07
2007-01-04,2.67,4.6024,59.97
2007-01-05,2.6925,4.6442,60.54
2007-01-08,2.6975,4.6522,60.5
2007-01-09,2.6775,4.6542,60.04
2007-01-10,2.6825,4.6843,58.42
2007-01-11,2.7175,4.7305,56.25
2007-01-12,2.735,4.775,57.61
2007-01-15,2.8425,4.775,57.63
2007-01-16,2.7245,4.7467,55.65
2007-01-17,2.7425,4.7791,56.9
2007-01-18,2.7325,4.7427,55.79
2007-01-19,2.7725,4.7752,57.61
2007-01-22,2.7777,4.759,56.82
2007-01-23,2.8425,4.8077,59.4
2007-01-24,2.815,4.8077,59.76
2007-01-25,2.925,4.8731,58.35
2007-01-26,2.8325,4.8733,59.61
2007-01-29,2.8325,4.8897,57.87
2007-01-30,2.8575,4.8693,60.8
2007-01-31,2.8525,4.808,61.88
2007-02-01,2.823,4.8346,61.15
2007-02-02,2.8225,4.8204,62.97
2007-02-05,2.8165,4.8021,62.64
2007-02-06,2.7,4.7655,62.98
2007-02-07,2.7225,4.7432,61.7
2007-02-08,2.7387,4.7319,63.64
2007-02-09,2.7575,4.7797,63.62
2007-02-12,2.761,4.8037,61.08
2007-02-13,2.7675,4.8078,62.57
2007-02-14,2.7428,4.7359,61.13
2007-02-15,2.7159,4.7061,61.31
2007-02-16,2.7336,4.6882,62.75
2007-02-19,2.7287,4.6882,61.89
2007-02-20,2.855,4.6743,61.71
2007-02-21,2.7674,4.6902,63.17
2007-02-22,2.6437,4.7279,64.52
2007-02-23,2.7233,4.6703,64.8
2007-02-26,2.7577,4.6248,65.28
2007-02-27,2.78,4.5109,65.31
2007-02-28,2.8025,4.5657,65.88
2007-03-01,2.7775,4.5499,66.11
2007-03-02,2.895,4.497,66.08
2007-03-05,2.835,4.495,64.44
2007-03-06,2.7525,4.5282,65.34
2007-03-07,2.6925,4.4871,66.53
2007-03-08,2.71,4.5125,66.34
2007-03-09,2.7125,4.5871,65.07
2007-03-12,2.695,4.5516,64.65
2007-03-13,2.7595,4.4907,64.72
2007-03-14,2.7125,4.5338,64.81
2007-03-15,2.85,4.5358,64.17
2007-03-16,2.83,4.5435,63.76
2007-03-19,2.7275,4.5632,64.0
2007-03-20,2.7549,4.5494,63.66
2007-03-21,2.7271,4.5356,64.26
2007-03-22,2.7218,4.5829,66.1
2007-03-23,2.79,4.6105,66.81
2007-03-26,2.8325,4.6006,68.11
2007-03-27,2.8275,4.5966,68.31
2007-03-28,2.84,4.6204,69.56
2007-03-29,2.8525,4.6423,71.78
2007-03-30,2.935,4.6443,72.01
2007-04-02,2.805,4.6403,72.69
2007-04-03,2.7725,4.6642,71.71
2007-04-04,2.875,4.6482,72.33
2007-04-05,2.985,4.6782,72.16
2007-04-06,2.8,4.7485,
2007-04-09,2.935,4.7425,70.42
2007-04-10,2.8525,4.7184,71.29
2007-04-11,2.8555,4.7304,71.49
2007-04-12,2.844,4.7345,72.61
2007-04-13,2.854,4.7608,72.32
2007-04-16,2.833,4.7346,70.86
2007-04-17,2.769,4.6803,69.47
2007-04-18,2.823,4.6502,69.59
2007-04-19,2.828,4.6642,69.48
2007-04-20,2.788,4.6703,70.06
2007-04-23,2.8311,4.6402,71.81
2007-04-24,2.813,4.6202,70.77
2007-04-25,2.841,4.6502,72.25
2007-04-26,2.808,4.6964,71.28
2007-04-27,2.79,4.6924,72.08
2007-04-30,2.835,4.6222,71.28
2007-05-01,2.815,4.6362,70.6
2007-05-02,2.79,4.6422,69.81
2007-05-03,2.786,4.6723,69.6
2007-05-04,2.751,4.6382,68.82
2007-05-07,2.783,4.6262,67.9
2007-05-08,2.797,4.6342,69.06
2007-05-09,2.751,4.6618,68.7
2007-05-10,2.755,4.6379,69.32
2007-05-11,2.794,4.6717,70.42
2007-05-14,2.704,4.6936,70.4
2007-05-15,2.761,4.7016,71.59
2007-05-16,2.7044,4.7096,71.12
2007-05-17,2.716,4.7517,73.53
2007-05-18,2.7036,4.8001,72.64
2007-05-21,2.735,4.782,73.76
2007-05-22,2.709,4.8245,72.74
2007-05-23,2.754,4.8468,73.87
2007-05-24,2.719,4.8387,74.0
2007-05-25,2.824,4.8572,73.97
2007-05-28,2.8,4.8573,72.94
2007-05-29,2.813,4.8818,71.29
2007-05-30,2.826,4.8675,70.98
2007-05-31,2.816,4.8879,71.19
2007-06-01,2.826,4.9516,72.27
2007-06-04,2.827,4.9271,73.66
2007-06-05,2.845,4.9908,73.71
2007-06-06,2.837,4.9641,74.31
2007-06-07,2.868,5.13,74.52
2007-06-08,2.956,5.0991,71.78
2007-06-11,3.012,5.1514,72.78
2007-06-12,3.013,5.2928,72.1
2007-06-13,3.036,5.1979,73.18
2007-06-14,3.0975,5.2212,74.66
2007-06-15,3.043,5.1627,74.77
2007-06-18,3.004,5.1335,75.51
2007-06-19,2.988,5.0814,75.16
2007-06-20,2.984,5.1316,73.67
2007-06-21,3.005,5.1863,73.46
2007-06-22,3.026,5.13,74.47
2007-06-25,3.051,5.08,74.66
2007-06-26,3.044,5.078,73.41
2007-06-27,3.08,5.0802,73.79
2007-06-28,3.012,5.1033,73.78
2007-06-29,2.981,5.0244,74.71
2007-07-02,2.989,4.9892,75.98
2007-07-03,3.003,5.0372,76.3
2007-07-04,2.989,5.0373,76.42
2007-07-05,2.989,5.1402,78.2
2007-07-06,2.989,5.1824,79.11
2007-07-09,3.018,5.1382,79.28
2007-07-10,3.005,5.0212,79.93
2007-07-11,3.021,5.086,78.92
2007-07-12,3.013,5.1239,79.93
2007-07-13,3.005,5.0928,81.15
2007-07-16,3.012,5.0385,80.3
2007-07-17,3.004,5.0491,79.5
2007-07-18,2.987,5.0283,80.8
2007-07-19,2.985,5.0159,81.75
2007-07-20,2.979,4.9497,81.72
2007-07-23,2.969,4.9477,80.9
2007-07-24,2.969,4.9085,79.03
2007-07-25,2.987,4.8983,80.33
2007-07-26,3.057,4.7854,79.13
2007-07-27,3.108,4.757,80.27
2007-07-30,3.135,4.802,79.72
2007-07-31,3.134,4.7388,81.1
2007-08-01,3.133,4.7919,79.31
2007-08-02,3.072,4.7654,79.74
2007-08-03,3.073,4.6842,78.68
2007-08-06,3.007,4.7371,74.91
2007-08-07,3.026,4.7677,75.57
2007-08-08,3.039,4.8767,74.72
2007-08-09,2.866,4.7678,73.9
2007-08-10,3.0095,4.8076,74.09
2007-08-13,2.981,4.7599,73.92
2007-08-14,2.9475,4.7243,74.29
2007-08-15,2.9615,4.7243,75.53
2007-08-16,3.035,4.6572,73.23
2007-08-17,2.789,4.6847,73.93
2007-08-20,2.9785,4.6257,73.31
2007-08-21,2.957,4.5904,72.1
2007-08-22,3.0875,4.6452,72.11
2007-08-23,2.9365,4.6452,73.32
2007-08-24,3.18,4.6156,74.12
2007-08-27,3.564,4.5627,74.47
2007-08-28,2.9615,4.5062,74.05
2007-08-29,2.888,4.5587,75.71
2007-08-30,2.892,4.5061,75.46
2007-08-31,2.86,4.5292,76.29
2007-09-03,2.86,4.5291,77.05
2007-09-04,2.83,4.5466,77.58
2007-09-05,2.96,4.4669,78.03
2007-09-06,2.955,4.5076,78.48
2007-09-07,2.94,4.3816,78.79
2007-09-10,2.942,4.322,79.22
2007-09-11,2.923,4.3679,80.01
2007-09-12,2.934,4.4102,81.48
2007-09-13,2.936,4.4643,81.44
2007-09-14,2.9225,4.4544,80.49
2007-09-17,2.98,4.466,81.29
2007-09-18,2.973,4.4717,81.94
2007-09-19,2.9785,4.5458,82.87
2007-09-20,3.028,4.6957,83.52
2007-09-21,2.995,4.6203,83.74
2007-09-24,2.979,4.6282,83.33
2007-09-25,2.943,4.6242,81.97
2007-09-26,2.937,4.6202,81.77
2007-09-27,2.948,4.563,84.51
2007-09-28,2.9895,4.5865,83.6
2007-10-01,2.993,4.5452,81.99
2007-10-02,2.9725,4.5216,81.71
2007-10-03,2.973,4.5588,81.51
2007-10-04,2.9275,4.5097,83.39
2007-10-05,2.95,4.6356,83.32
2007-10-08,3.2,4.6356,80.87
2007-10-09,2.912,4.6475,81.83
2007-10-10,2.9325,4.6495,83.0
2007-10-11,2.941,4.6355,84.64
2007-10-12,2.926,4.6812,85.06
2007-10-15,2.9085,4.6772,87.29
2007-10-16,2.9275,4.6473,88.65
2007-10-17,2.9075,4.5522,88.2
2007-10-18,2.9195,4.4893,89.76
2007-10-19,2.901,4.3915,88.9
2007-10-22,2.8895,4.4108,88.35
2007-10-23,2.899,4.403,87.91
2007-10-24,2.882,4.3388,89.52
2007-10-25,2.914,4.3775,92.82
2007-10-26,2.92,4.4006,94.1
2007-10-29,2.8945,4.3811,95.83
2007-10-30,2.8925,4.379,92.78
2007-10-31,2.8835,4.4708,96.16
2007-11-01,2.912,4.3458,95.19
2007-11-02,2.925,4.3165,97.7
2007-11-05,2.922,4.3338,96.01
2007-11-06,2.946,4.3726,98.95
2007-11-07,2.924,4.3084,98.93
2007-11-08,2.9095,4.2829,98.45
2007-11-09,2.93,4.2133,98.87
2007-11-12,2.915,4.2133,97.59
2007-11-13,2.936,4.2635,94.26
2007-11-14,2.9305,4.25,96.82
2007-11-15,2.924,4.1403,96.26
2007-11-16,2.8955,4.167,97.74
2007-11-19,2.9225,4.0714,98.45
2007-11-20,2.915,4.0961,101.87
2007-11-21,2.978,4.0067,101.18
2007-11-22,2.925,4.0065,100.81
2007-11-23,2.955,3.9989,102.16
2007-11-26,2.951,3.8391,101.69
2007-11-27,2.9125,3.9477,98.7
2007-11-28,2.8135,4.0347,95.81
2007-11-29,2.8275,3.9344,96.25
2007-11-30,2.8325,3.9379,94.16
2007-12-03,2.785,3.8459,95.8
2007-12-04,2.783,3.8926,95.51
2007-12-05,2.767,3.9547,94.4
2007-12-06,2.7635,4.0076,96.21
2007-12-07,2.782,4.1048,94.56
2007-12-10,2.7685,4.1567,93.92
2007-12-11,2.7665,3.9694,96.0
2007-12-12,2.7995,4.0893,100.17
2007-12-13,2.846,4.2011,98.33
2007-12-14,2.831,4.234,98.19
2007-12-17,2.8285,4.1449,97.76
2007-12-18,2.813,4.1179,96.51
2007-12-19,2.7975,4.0278,97.96
2007-12-20,2.7695,4.0507,97.32
2007-12-21,2.8035,4.1679,99.01
2007-12-24,2.8255,4.2125,99.27
2007-12-25,2.858,4.2125,
2007-12-26,2.828,4.2749,100.6
2007-12-27,2.8115,4.1969,101.5
2007-12-28,2.7745,4.0732,100.53
2007-12-31,2.84,4.0232,100.5
2008-01-01,2.784,4.0231,
2008-01-02,2.7775,3.9033,104.77
2008-01-03,2.752,3.8918,104.52
2008-01-04,2.73,3.8651,103.65
2008-01-07,2.781,3.8311,101.08
2008-01-08,2.748,3.7822,102.31
2008-01-09,2.712,3.8215,101.06
2008-01-10,2.783,3.8837,98.76
2008-01-11,2.7555,3.7835,97.52
2008-01-14,2.7885,3.7647,99.49
2008-01-15,2.773,3.6751,97.58
2008-01-16,2.7735,3.7345,96.16
2008-01-17,2.776,3.6211,95.35
2008-01-18,2.75,3.6297,95.87
2008-01-21,2.79,3.6296,94.02
2008-01-22,2.8495,3.4332,95.03
2008-01-23,2.905,3.598,93.06
2008-01-24,2.8395,3.7018,95.7
2008-01-25,2.86,3.5494,97.66
2008-01-28,2.857,3.5806,98.18
2008-01-29,2.9165,3.6769,98.85
2008-01-30,3.0135,3.6656,99.41
2008-01-31,2.8925,3.5931,99.07
2008-02-01,2.8895,3.5926,96.09
2008-02-04,2.824,3.6444,97.2
2008-02-05,2.8565,3.5701,95.43
2008-02-06,2.912,3.5885,94.31
2008-02-07,2.8695,3.7569,95.1
2008-02-08,2.91,3.6428,98.78
2008-02-11,2.9325,3.6144,100.49
2008-02-12,2.985,3.6579,99.71
2008-02-13,2.9045,3.7282,100.22
2008-02-14,2.8665,3.8163,102.62
2008-02-15,2.88,3.7686,102.05
2008-02-18,3.025,3.7686,102.35
2008-02-19,2.9295,3.8959,106.29
2008-02-20,3.004,3.8902,106.14
2008-02-21,2.963,3.7706,103.79
2008-02-22,2.918,3.8016,104.62
2008-02-25,2.9845,3.8964,105.35
2008-02-26,3.017,3.8596,107.27
2008-02-27,3.0865,3.8481,105.98
2008-02-28,3.0435,3.6697,108.81
2008-02-29,3.0521,3.5092,107.95
2008-03-03,3.0805,3.5468,108.36
2008-03-04,3.149,3.6242,105.17
2008-03-05,3.294,3.668,109.61
2008-03-06,3.219,3.5826,110.66
2008-03-07,3.357,3.5317,110.41
2008-03-10,3.248,3.4549,112.33
2008-03-11,3.25,3.5921,113.51
2008-03-12,3.2645,3.4604,114.57
2008-03-13,3.2098,3.5261,115.81
2008-03-14,3.1007,3.4679,115.54
2008-03-17,3.077,3.3061,110.7
2008-03-18,3.0615,3.4828,114.84
2008-03-19,3.0402,3.3282,109.58
2008-03-20,3.143,3.3336,109.21
2008-03-21,3.1359,3.3335,
2008-03-24,3.1704,3.5563,108.64
2008-03-25,2.8771,3.5053,109.45
2008-03-26,2.849,3.4602,113.14
2008-03-27,2.94,3.528,114.23
2008-03-28,2.8309,3.4414,112.9
2008-03-31,2.953,3.4096,109.12
2008-04-01,2.9817,3.5583,108.98
2008-04-02,2.9415,3.5963,112.87
2008-04-03,2.891,3.5773,111.54
2008-04-04,2.7713,3.4657,114.13
2008-04-07,2.7981,3.5356,116.56
2008-04-08,2.8843,3.5564,115.69
2008-04-09,2.8455,3.4807,118.01
2008-04-10,2.8458,3.5394,117.72
2008-04-11,2.8988,3.4694,118.31
2008-04-14,2.9081,3.5109,119.48
2008-04-15,2.8896,3.6003,121.66
2008-04-16,2.8207,3.6886,122.84
2008-04-17,2.9018,3.7273,122.59
2008-04-18,2.8818,3.7061,124.21
2008-04-21,2.7917,3.7255,124.77
2008-04-22,2.8594,3.6908,126.43
2008-04-23,2.791,3.7314,126.98
2008-04-24,2.8387,3.8249,124.67
2008-04-25,2.9393,3.8703,126.85
2008-04-28,2.8042,3.8252,127.29
2008-04-29,2.798,3.8194,123.68
2008-04-30,2.7485,3.7279,121.42
2008-05-01,2.8038,3.763,120.48
2008-05-02,2.88,3.8551,124.91
2008-05-05,2.8986,3.867,128.65
2008-05-06,2.883,3.9164,131.18
2008-05-07,2.7875,3.8475,133.37
2008-05-08,2.796,3.7748,133.94
2008-05-09,2.869,3.7692,136.73
2008-05-12,2.882,3.7974,134.02
2008-05-13,2.9245,3.9131,135.5
2008-05-14,2.9765,3.9112,133.68
2008-05-15,2.972,3.8144,133.27
2008-05-16,3.019,3.8446,135.83
2008-05-19,2.953,3.8294,135.91
2008-05-20,2.964,3.7746,138.93
2008-05-21,2.9405,3.8067,144.21
2008-05-22,2.917,3.9111,141.83
2008-05-23,2.938,3.8425,142.98
2008-05-26,2.989,3.8425,143.85
2008-05-27,2.9695,3.9188,139.44
2008-05-28,2.944,4.0033,142.29
2008-05-29,2.9335,4.075,137.9
2008-05-30,3.0345,4.0595,138.86
2008-06-02,2.9795,3.9571,139.12
2008-06-03,2.846,3.8939,135.39
2008-06-04,2.792,3.9764,132.69
2008-06-05,2.909,4.0383,138.6
2008-06-06,2.8705,3.9092,149.63
2008-06-09,2.949,3.9977,145.52
2008-06-10,2.974,4.1027,142.38
2008-06-11,2.953,4.0735,147.22
2008-06-12,2.894,4.2108,148.29
2008-06-13,2.966,4.2565,145.98
2008-06-16,2.947,4.2666,145.55
2008-06-17,2.879,4.1973,144.48
2008-06-18,2.846,4.1363,147.42
2008-06-19,2.9145,4.2073,142.62
2008-06-20,2.8835,4.1641,145.71
2008-06-23,2.8885,4.1641,146.85
2008-06-24,2.784,4.0818,147.44
2008-06-25,2.814,4.0994,145.14
2008-06-26,2.87,4.033,151.08
2008-06-27,2.752,3.9652,151.6
2008-06-30,2.7605,3.969,151.08
2008-07-01,2.881,4.0021,151.99
2008-07-02,2.8215,3.9575,155.87
2008-07-03,2.811,3.975,157.83
2008-07-04,2.888,3.975,156.04
2008-07-07,2.798,3.8995,153.29
2008-07-08,2.806,3.8822,147.41
2008-07-09,2.822,3.8112,147.57
2008-07-10,2.753,3.7959,153.46
2008-07-11,2.87,3.9576,156.12
2008-07-14,2.918,3.8553,155.86
2008-07-15,2.678,3.8188,149.99
2008-07-16,2.9135,3.9344,145.65
2008-07-17,2.944,3.9907,140.57
2008-07-18,2.854,4.0828,139.62
2008-07-21,2.8285,4.0417,142.22
2008-07-22,2.889,4.0987,138.94
2008-07-23,2.8395,4.1165,134.37
2008-07-24,2.886,3.9968,135.6
2008-07-25,2.929,4.0969,133.54
2008-07-28,2.94,4.0008,134.96
2008-07-29,2.872,4.038,131.6
2008-07-30,2.895,4.0439,136.31
2008-07-31,2.882,3.9462,132.96
2008-08-01,2.9005,3.9307,133.18
2008-08-04,2.904,3.9619,129.42
2008-08-05,2.982,4.0167,126.23
2008-08-06,2.838,4.0501,125.48
2008-08-07,2.793,3.92,126.4
2008-08-08,2.9095,3.9276,121.54
2008-08-11,2.831,3.9904,120.83
2008-08-12,2.8105,3.8954,119.17
2008-08-13,2.831,3.9314,121.66
2008-08-14,2.836,3.886,120.42
2008-08-15,2.8315,3.8349,119.22
2008-08-18,2.833,3.8104,118.58
2008-08-19,2.8445,3.8292,119.96
2008-08-20,2.8795,3.8009,121.14
2008-08-21,2.86,3.8291,127.28
2008-08-22,2.799,3.8704,120.67
2008-08-25,2.632,3.7837,120.79
2008-08-26,2.7906,3.7743,121.43
2008-08-27,2.7375,3.763,123.11
2008-08-28,2.826,3.7779,120.94
2008-08-29,2.826,3.8116,120.81
2008-09-01,2.522,3.8115,115.9
2008-09-02,2.634,3.7326,114.76
2008-09-03,2.5885,3.699,114.47
2008-09-04,2.546,3.6227,112.6
2008-09-05,2.6365,3.6986,110.26
2008-09-08,2.614,3.6743,109.57
2008-09-09,2.64,3.5668,106.29
2008-09-10,2.651,3.6295,104.84
2008-09-11,2.6265,3.6425,103.43
2008-09-12,2.683,3.7187,103.37
2008-09-15,2.585,3.3868,98.02
2008-09-16,2.5705,3.4357,92.8
2008-09-17,2.2005,3.4137,98.64
2008-09-18,2.425,3.5437,99.01
2008-09-19,2.7725,3.8105,103.6
2008-09-22,2.8,3.8351,110.29
2008-09-23,2.852,3.7991,107.21
2008-09-24,2.776,3.8104,106.56
2008-09-25,2.706,3.854,108.79
2008-09-26,2.5935,3.852,107.69
2008-09-29,2.5035,3.5776,97.75
2008-09-30,2.293,3.8234,102.11
2008-10-01,2.3625,3.7382,99.15
2008-10-02,2.416,3.6276,94.19
2008-10-03,2.248,3.6031,93.87
2008-10-06,2.122,3.4532,87.04
2008-10-07,1.947,3.5028,88.05
2008-10-08,2.3215,3.6401,87.74
2008-10-09,2.5155,3.785,85.97
2008-10-10,2.075,3.8705,77.06
2008-10-13,2.075,3.978,80.57
2008-10-14,2.4575,4.0772,77.69
2008-10-15,2.542,3.9453,73.82
2008-10-16,2.4055,3.9569,69.0
2008-10-17,2.3305,3.9299,70.79
2008-10-20,2.6185,3.8416,73.26
2008-10-21,2.6635,3.7388,70.91
2008-10-22,2.5945,3.594,65.62
2008-10-23,2.5515,3.6745,67.05
2008-10-24,2.1725,3.6856,63.11
2008-10-27,2.551,3.6874,62.46
2008-10-28,2.709,3.8336,61.32
2008-10-29,3.114,3.8546,66.59
2008-10-30,3.0,3.9645,64.8
2008-10-31,2.7765,3.953,66.44
2008-11-03,2.9425,3.9141,61.52
2008-11-04,2.879,3.7247,67.58
2008-11-05,3.1055,3.7019,62.93
2008-11-06,3.3165,3.6886,58.41
2008-11-07,3.195,3.7929,58.33
2008-11-10,3.302,3.7432,60.09
2008-11-11,3.048,3.7432,56.79
2008-11-12,3.0265,3.6466,53.61
2008-11-13,2.872,3.8525,55.3
2008-11-14,3.0955,3.7349,53.34
2008-11-17,3.051,3.6484,51.44
2008-11-18,2.917,3.5293,50.98
2008-11-19,2.461,3.3205,50.86
2008-11-20,2.1385,3.0131,47.28
2008-11-21,2.116,3.1974,48.37
2008-11-24,2.298,3.3236,53.03
2008-11-25,2.467,3.1078,49.51
2008-11-26,2.459,2.9784,53.02
2008-11-27,2.615,2.9778,52.24
2008-11-28,2.512,2.92,52.6
2008-12-01,2.647,2.7309,47.17
2008-12-02,2.928,2.6724,44.68
2008-12-03,3.4705,2.6585,44.68
2008-12-04,3.6455,2.5513,41.58
2008-12-05,3.6465,2.7037,39.08
2008-12-08,2.9035,2.7378,42.7
2008-12-09,2.8105,2.6399,40.84
2008-12-10,3.1815,2.6824,41.69
2008-12-11,3.035,2.6019,46.6
2008-12-12,3.1495,2.5705,45.64
2008-12-15,3.147,2.5127,43.83
2008-12-16,3.0875,2.2558,43.38
2008-12-17,3.5365,2.1915,42.34
2008-12-18,3.345,2.0788,40.32
2008-12-19,3.059,2.1231,40.91
2008-12-22,3.097,2.17,38.54
2008-12-23,3.071,2.1729,37.53
2008-12-24,,2.182,34.04
2008-12-25,,2.1809,
2008-12-26,,2.1318,35.68
2008-12-29,3.2815,2.0989,37.7
2008-12-30,3.1625,2.053,37.33
2008-12-31,2.967,2.2123,42.39
2009-01-01,2.9822,2.2123,
2009-01-02,3.1675,2.3688,43.62
2009-01-05,3.0445,2.4812,46.14
2009-01-06,2.5825,2.4454,46.98
2009-01-07,3.0555,2.4942,42.64
2009-01-08,3.28,2.4398,41.54
2009-01-09,3.1245,2.39,41.3
2009-01-12,2.904,2.3044,39.9
2009-01-13,2.758,2.2924,41.58
2009-01-14,2.8825,2.1993,41.74
2009-01-15,2.6975,2.2055,41.79
2009-01-16,2.7825,2.3188,40.82
2009-01-19,2.6285,2.3184,39.01
2009-01-20,2.4075,2.3771,38.23
2009-01-21,2.7555,2.536,39.46
2009-01-22,2.357,2.5922,39.79
2009-01-23,2.404,2.6172,42.4
2009-01-26,2.8405,2.6411,41.16
2009-01-27,2.699,2.5274,38.33
2009-01-28,3.1265,2.6665,39.36
2009-01-29,3.06,2.8586,39.79
2009-01-30,3.244,2.8403,40.21
2009-02-02,3.0295,2.7226,38.41
2009-02-03,2.9965,2.884,38.64
2009-02-04,3.18,2.9353,38.7
2009-02-05,2.991,2.912,40.72
2009-02-06,3.0539,2.9917,40.5
2009-02-09,3.1716,2.9844,40.34
2009-02-10,2.947,2.8136,38.84
2009-02-11,3.0879,2.7537,38.39
2009-02-12,3.0152,2.7824,38.99
2009-02-13,3.2295,2.8894,37.96
2009-02-16,3.186,2.8895,36.66
2009-02-17,3.3188,2.6479,34.76
2009-02-18,3.11,2.7554,33.5
2009-02-19,3.0457,2.8531,35.57
2009-02-20,3.0487,2.7879,35.48
2009-02-23,3.1036,2.7536,34.72
2009-02-24,3.0478,2.7951,36.0
2009-02-25,2.898,2.9263,37.52
2009-02-26,3.0018,2.9908,39.4
2009-02-27,3.0076,3.0131,39.26
2009-03-02,3.0078,2.8624,35.75
2009-03-03,3.1092,2.8771,37.02
2009-03-04,3.1328,2.9745,39.07
2009-03-05,3.0,2.8115,36.97
2009-03-06,2.917,2.8717,37.99
2009-03-09,2.9138,2.8589,37.38
2009-03-10,2.9576,3.0044,37.24
2009-03-11,3.0072,2.9048,35.07
2009-03-12,3.2694,2.8535,38.19
2009-03-13,3.1841,2.8902,38.06
2009-03-16,3.2648,2.9529,38.54
2009-03-17,3.2703,3.0066,40.02
2009-03-18,3.3309,2.533,39.54
2009-03-19,3.4771,2.6023,42.03
2009-03-20,3.2974,2.6344,42.49
2009-03-23,3.3811,2.6523,44.36
2009-03-24,3.3816,2.701,44.38
2009-03-25,3.4461,2.7844,42.93
2009-03-26,3.479,2.7389,44.35
2009-03-27,3.2307,2.7571,43.12
2009-03-30,3.2293,2.7117,39.81
2009-03-31,3.0844,2.6629,40.84
2009-04-01,3.0808,2.6539,40.18
2009-04-02,3.1697,2.7662,43.76
2009-04-03,3.253,2.8853,44.36
2009-04-06,3.2298,2.9223,43.33
2009-04-07,2.9834,2.8965,42.49
2009-04-08,2.9831,2.8559,42.8
2009-04-09,3.0037,2.9207,44.84
2009-04-10,2.9873,2.9226,
2009-04-13,,2.8579,43.29
2009-04-14,3.0188,2.7845,43.2
2009-04-15,2.941,2.7644,42.8
2009-04-16,2.832,2.8303,43.31
2009-04-17,2.7853,2.9451,43.55
2009-04-20,2.7685,2.8359,40.7
2009-04-21,2.6335,2.8969,40.67
2009-04-22,2.6442,2.9397,40.66
2009-04-23,2.8311,2.9193,40.9
2009-04-24,2.903,2.9903,42.18
2009-04-27,2.9018,2.9083,41.07
2009-04-28,2.8058,3.0073,40.8
2009-04-29,2.769,3.1073,41.45
2009-04-30,2.7122,3.1187,41.47
2009-05-01,2.6353,3.1533,43.14
2009-05-04,2.628,3.1514,44.55
2009-05-05,2.6168,3.1592,44.18
2009-05-06,2.5454,3.1612,45.83
2009-05-07,2.8166,3.3341,46.09
2009-05-08,2.8116,3.2856,47.46
2009-05-11,2.729,3.1654,46.92
2009-05-12,2.7609,3.1727,47.21
2009-05-13,2.7274,3.1195,46.7
2009-05-14,2.678,3.0884,47.08
2009-05-15,2.7584,3.1341,44.98
2009-05-18,2.8146,3.23,46.98
2009-05-19,2.808,3.243,47.34
2009-05-20,2.8878,3.1912,48.69
2009-05-21,2.9973,3.3644,48.16
2009-05-22,2.9655,3.4495,48.84
2009-05-25,3.0,3.4496,48.38
2009-05-26,3.0672,3.5467,49.21
2009-05-27,3.1553,3.7381,50.22
2009-05-28,3.0886,3.6122,51.74
2009-05-29,3.0543,3.4594,52.65
2009-06-01,3.1904,3.6726,54.62
2009-06-02,3.2394,3.6127,54.78
2009-06-03,3.1367,3.5398,52.94
2009-06-04,3.1946,3.7099,55.21
2009-06-05,3.2627,3.8279,54.91
2009-06-08,3.2964,3.8736,54.54
2009-06-09,3.2589,3.8559,55.94
2009-06-10,3.2758,3.9455,56.89
2009-06-11,3.2254,3.8543,57.69
2009-06-12,3.1058,3.7916,56.99
2009-06-15,3.0222,3.7113,55.75
2009-06-16,2.9459,3.6588,55.75
2009-06-17,3.0428,3.6882,56.23
2009-06-18,3.1817,3.8277,56.4
2009-06-19,3.2887,3.7808,54.91
2009-06-22,3.1457,3.681,53.16
2009-06-23,3.1812,3.6208,54.61
2009-06-24,3.2319,3.6851,54.23
2009-06-25,3.2026,3.5398,55.38
2009-06-26,3.1487,3.5363,54.7
2009-06-29,3.1676,3.4768,56.34
2009-06-30,3.2521,3.5326,55.0
2009-07-01,3.1761,3.5365,54.6
2009-07-02,3.1091,3.4946,52.9
2009-07-03,3.1,3.4985,52.07
2009-07-06,3.1175,3.5063,50.84
2009-07-07,3.1261,3.4544,50.18
2009-07-08,3.1011,3.3081,47.96
2009-07-09,3.097,3.403,48.49
2009-07-10,3.1223,3.3026,48.03
2009-07-13,3.1088,3.35,48.17
2009-07-14,3.2578,3.4703,48.28
2009-07-15,3.3505,3.6038,50.4
2009-07-16,3.3716,3.5689,50.58
2009-07-17,3.4139,3.6433,51.87
2009-07-20,3.4964,3.6063,52.71
2009-07-21,3.3498,3.4824,53.06
2009-07-22,3.3449,3.5443,53.33
2009-07-23,3.3623,3.6555,54.94
2009-07-24,3.3866,3.6578,55.79
2009-07-27,3.4142,3.7189,56.18
2009-07-28,3.3822,3.6856,55.44
2009-07-29,3.3602,3.6582,52.79
2009-07-30,3.4524,3.6074,55.63
2009-07-31,3.3229,3.4796,56.89
2009-08-03,3.5067,3.6333,58.36
2009-08-04,3.4853,3.6845,58.93
2009-08-05,3.5587,3.7459,59.91
2009-08-06,3.563,3.7501,59.37
2009-08-07,3.6462,3.8502,58.39
2009-08-10,3.5763,3.7765,58.32
2009-08-11,3.496,3.6677,57.49
2009-08-12,3.49,3.7172,57.85
2009-08-13,3.3733,3.595,58.26
2009-08-14,3.3507,3.5688,56.29
2009-08-17,3.3058,3.4684,55.58
2009-08-18,3.3646,3.5092,57.03
2009-08-19,3.3301,3.4517,58.78
2009-08-20,3.4007,3.4313,57.78
2009-08-21,3.4161,3.5649,58.46
2009-08-24,3.3208,3.4755,58.52
2009-08-25,3.2489,3.4348,56.59
2009-08-26,3.2193,3.4329,56.46
2009-08-27,3.2187,3.4531,57.14
2009-08-28,3.2412,3.4456,57.36
2009-08-31,3.179,3.3975,54.88
2009-09-01,3.183,3.3625,53.37
2009-09-02,3.1161,3.3056,53.31
2009-09-03,3.1984,3.344,52.89
2009-09-04,3.2865,3.4378,52.65
2009-09-07,3.2055,3.4415,52.42
2009-09-08,3.2927,3.4823,54.7
2009-09-09,3.233,3.4711,55.02
2009-09-10,3.1782,3.3472,55.05
2009-09-11,3.1402,3.347,53.34
2009-09-14,3.1047,3.4208,53.24
2009-09-15,3.1781,3.4541,54.4
2009-09-16,3.243,3.469,55.81
2009-09-17,3.1843,3.3836,55.71
2009-09-18,3.1865,3.4632,55.53
2009-09-21,3.241,3.4799,53.49
2009-09-22,3.1732,3.4445,54.92
2009-09-23,3.1095,3.4184,52.94
2009-09-24,3.107,3.3813,50.47
2009-09-25,3.0619,3.3184,50.7
2009-09-28,2.9265,3.2797,51.03
2009-09-29,2.9489,3.2906,50.99
2009-09-30,2.958,3.3053,53.78
2009-10-01,2.8874,3.179,53.88
2009-10-02,2.8531,3.2188,53.0
2009-10-05,2.9232,3.2205,52.98
2009-10-06,2.927,3.2552,53.39
2009-10-07,2.8942,3.182,52.33
2009-10-08,2.9815,3.2477,54.33
2009-10-09,2.9572,3.3802,54.51
2009-10-12,2.976,3.3783,55.57
2009-10-13,3.0186,3.3468,56.3
2009-10-14,3.0724,3.4136,56.98
2009-10-15,3.1041,3.4565,58.8
2009-10-16,3.0802,3.4115,59.38
2009-10-19,3.1368,3.3891,59.98
2009-10-20,3.0954,3.3407,59.58
2009-10-21,3.1539,3.3853,61.47
2009-10-22,3.088,3.4132,61.33
2009-10-23,3.1028,3.49,60.87
2009-10-26,3.0161,3.5542,59.59
2009-10-27,3.0182,3.4448,60.1
2009-10-28,2.9952,3.4148,58.51
2009-10-29,3.0986,3.4974,60.19
2009-10-30,3.0102,3.3828,58.0
2009-11-02,3.0368,3.4145,59.04
2009-11-03,3.0634,3.4652,60.25
2009-11-04,3.1306,3.5237,60.85
2009-11-05,3.1328,3.5236,60.15
2009-11-06,3.1546,3.4971,58.52
2009-11-09,3.19,3.4857,59.98
2009-11-10,3.1216,3.4724,59.78
2009-11-11,3.1685,3.4831,60.1
2009-11-12,3.0992,3.4438,58.62
2009-11-13,3.1414,3.4177,58.27
2009-11-16,3.1326,3.3343,60.14
2009-11-17,3.1276,3.3232,60.3
2009-11-18,3.1712,3.3638,60.69
2009-11-19,3.1682,3.3361,59.29
2009-11-20,3.2026,3.3656,58.95
2009-11-23,3.2062,3.3489,59.15
2009-11-24,3.0911,3.3027,58.39
2009-11-25,3.0852,3.2695,59.9
2009-11-26,3.1195,3.2694,58.79
2009-11-27,3.0548,3.2051,58.94
2009-11-30,3.0756,3.1978,59.92
2009-12-01,3.1374,3.2822,60.59
2009-12-02,3.1328,3.3099,59.47
2009-12-03,3.1546,3.3842,59.84
2009-12-04,3.157,3.4722,59.2
2009-12-07,3.134,3.429,58.36
2009-12-08,3.1718,3.3804,57.42
2009-12-09,3.179,3.4328,55.28
2009-12-10,3.195,3.4967,54.87
2009-12-11,3.253,3.5498,54.89
2009-12-14,3.2952,3.548,54.9
2009-12-15,3.3104,3.5861,55.02
2009-12-16,3.3124,3.5975,56.09
2009-12-17,3.262,3.478,55.4
2009-12-18,3.3184,3.5368,55.68
2009-12-21,3.3779,3.6745,55.11
2009-12-22,3.3783,3.7538,55.46
2009-12-23,3.3499,3.7481,56.97
2009-12-24,3.3568,3.8029,57.62
2009-12-25,3.3768,3.803,
2009-12-28,3.3358,3.8402,58.38
2009-12-29,3.3285,3.7972,58.62
2009-12-30,3.3236,3.7856,58.91
2009-12-31,3.3398,3.8368,58.84
2010-01-01,,3.835,
2010-01-04,3.2978,3.8155,60.49
2010-01-05,3.2161,3.7608,60.85
2010-01-06,3.2374,3.8215,61.83
2010-01-07,3.284,3.8235,61.54
2010-01-08,3.3557,3.8297,61.44
2010-01-11,3.306,3.818,61.13
2010-01-12,3.2562,3.7108,59.85
2010-01-13,3.2286,3.7908,59.09
2010-01-14,3.2274,3.7382,58.91
2010-01-15,3.1742,3.6744,57.81
2010-01-18,3.185,3.6745,57.8
2010-01-19,3.1398,3.6919,58.2
2010-01-20,3.1114,3.6474,57.22
2010-01-21,3.1298,3.5858,55.92
2010-01-22,3.1193,3.6071,54.6
2010-01-25,3.1322,3.6265,55.25
2010-01-26,3.1736,3.6188,54.95
2010-01-27,3.1602,3.6479,54.16
2010-01-28,3.1648,3.6344,54.08
2010-01-29,3.245,3.5844,53.58
2010-02-01,3.2742,3.6501,54.81
2010-02-02,3.2576,3.6405,57.02
2010-02-03,3.2172,3.7047,56.92
2010-02-04,3.1693,3.6058,54.08
2010-02-05,3.1174,3.5654,52.17
2010-02-08,3.1101,3.5597,52.56
2010-02-09,3.127,3.6448,54.06
2010-02-10,3.1385,3.6897,54.39
2010-02-11,3.0682,3.7155,55.14
2010-02-12,3.0756,3.6928,54.23
2010-02-15,3.042,3.6909,53.94
2010-02-16,3.077,3.6569,56.3
2010-02-17,3.0844,3.7307,56.74
2010-02-18,3.1316,3.8012,57.86
2010-02-19,3.1495,3.7726,58.17
2010-02-22,3.0986,3.7955,58.48
2010-02-23,3.0162,3.6834,57.47
2010-02-24,3.018,3.6909,58.09
2010-02-25,3.005,3.6324,56.75
2010-02-26,3.032,3.6117,57.72
2010-03-01,2.9896,3.6079,57.2
2010-03-02,3.0044,3.6041,58.16
2010-03-03,3.0044,3.6173,58.95
2010-03-04,2.9434,3.6022,58.43
2010-03-05,3.0504,3.6796,59.43
2010-03-08,3.0582,3.7157,59.86
2010-03-09,3.1096,3.7005,59.44
2010-03-10,3.076,3.7215,59.87
2010-03-11,3.0772,3.7272,59.72
2010-03-12,3.0938,3.7006,59.06
2010-03-15,3.0824,3.6949,58.08
2010-03-16,3.0692,3.6493,59.48
2010-03-17,3.0848,3.6361,60.54
2010-03-18,3.0458,3.6759,60.18
2010-03-19,3.0718,3.6892,59.0
2010-03-22,3.058,3.6588,59.49
2010-03-23,3.0953,3.6854,59.6
2010-03-24,3.0736,3.8524,58.81
2010-03-25,3.0656,3.8777,58.8
2010-03-26,3.0442,3.8468,58.56
2010-03-29,3.0292,3.8643,59.95
2010-03-30,3.0288,3.8566,60.03
2010-03-31,3.0264,3.8257,61.08
2010-04-01,3.0728,3.8685,62.05
2010-04-02,3.0672,3.9446,
2010-04-05,3.121,3.9859,63.43
2010-04-06,3.129,3.9505,63.63
2010-04-07,3.12,3.8531,63.22
2010-04-08,3.1282,3.8901,62.64
2010-04-09,3.1634,3.8825,62.66
2010-04-12,3.169,3.8417,62.61
2010-04-13,3.133,3.8204,62.55
2010-04-14,3.1884,3.8593,63.48
2010-04-15,3.1996,3.8321,63.98
2010-04-16,3.1705,3.7626,62.82
2010-04-19,3.1623,3.7974,61.53
2010-04-20,3.163,3.7993,61.95
2010-04-21,3.1686,3.7356,62.6
2010-04-22,3.1702,3.7723,62.58
2010-04-23,3.1892,3.8092,63.74
2010-04-26,3.2228,3.8054,63.43
2010-04-27,3.1854,3.6877,62.66
2010-04-28,3.2444,3.7628,62.94
2010-04-29,3.2803,3.7243,63.48
2010-04-30,3.244,3.6532,63.87
2010-05-03,3.2404,3.682,64.97
2010-05-04,3.1287,3.5902,62.58
2010-05-05,3.1004,3.5388,60.35
2010-05-06,2.9458,3.3938,58.32
2010-05-07,3.064,3.4255,57.18
2010-05-10,3.1402,3.5406,58.53
2010-05-11,3.1456,3.5235,58.8
2010-05-12,3.2246,3.571,59.34
2010-05-13,3.1622,3.5261,58.64
2010-05-14,3.1046,3.4534,56.12
2010-05-17,3.0844,3.4869,54.08
2010-05-18,3.0182,3.3462,53.6
2010-05-19,2.9486,3.3682,53.07
2010-05-20,2.8419,3.2126,51.73
2010-05-21,2.9072,3.2379,51.62
2010-05-24,2.9488,3.1942,51.25
2010-05-25,2.828,3.1578,50.08
2010-05-26,2.9209,3.1886,51.66
2010-05-27,3.0876,3.3605,53.76
2010-05-28,3.0116,3.2922,53.3
2010-05-31,3.09,3.2848,53.76
2010-06-01,3.0252,3.2591,52.36
2010-06-02,3.1063,3.34,53.11
2010-06-03,3.1318,3.3639,54.3
2010-06-04,3.0423,3.2023,51.91
2010-06-07,2.9891,3.1422,51.93
2010-06-08,2.9907,3.1857,52.06
2010-06-09,2.9556,3.1729,53.48
2010-06-10,3.0536,3.3193,54.22
2010-06-11,2.9944,3.2346,53.54
2010-06-14,3.0469,3.2529,53.91
2010-06-15,3.1227,3.3025,54.94
2010-06-16,3.0244,3.2601,55.68
2010-06-17,3.0803,3.1887,56.06
2010-06-18,3.1288,3.2195,55.74
2010-06-21,3.1386,3.2414,56.16
2010-06-22,3.0656,3.1664,55.61
2010-06-23,3.0774,3.119,54.35
2010-06-24,3.0324,3.1371,54.49
2010-06-25,2.9629,3.1078,55.66
2010-06-28,2.9682,3.021,55.29
2010-06-29,2.9286,2.9491,53.75
2010-06-30,2.8722,2.9311,53.45
2010-07-01,2.8801,2.947,51.55
2010-07-02,2.8504,2.977,51.05
2010-07-05,2.817,2.9733,50.93
2010-07-06,2.8299,2.9302,50.91
2010-07-07,2.8836,2.9803,52.38
2010-07-08,2.9394,3.0306,53.23
2010-07-09,2.9896,3.052,53.74
2010-07-12,3.0082,3.0628,52.99
2010-07-13,3.067,3.1208,54.59
2010-07-14,2.9726,3.0426,54.54
2010-07-15,2.9569,2.9937,54.14
2010-07-16,2.8232,2.9215,53.63
2010-07-19,2.8134,2.9537,53.8
2010-07-20,2.867,2.9481,54.23
2010-07-21,2.86,2.8782,53.63
2010-07-22,2.879,2.9353,55.37
2010-07-23,2.8525,2.9943,55.11
2010-07-26,2.926,2.9924,55.14
2010-07-27,2.928,3.0485,54.17
2010-07-28,2.902,2.985,54.12
2010-07-29,2.868,2.9794,55.2
2010-07-30,2.861,2.9052,55.62
2010-08-02,2.901,2.9609,57.5
2010-08-03,2.8755,2.9085,58.83
2010-08-04,2.849,2.9498,58.48
2010-08-05,2.8015,2.9011,58.07
2010-08-06,2.85,2.8166,57.03
2010-08-09,2.799,2.8289,57.62
2010-08-10,2.812,2.7593,56.63
2010-08-11,2.83,2.6814,55.24
2010-08-12,2.852,2.7455,53.73
2010-08-13,2.772,2.6716,53.44
2010-08-16,2.733,2.5626,53.52
2010-08-17,2.738,2.6321,54.44
2010-08-18,2.718,2.6321,54.11
2010-08-19,2.708,2.575,53.28
2010-08-20,2.6685,2.6106,52.55
2010-08-23,2.682,2.5981,52.1
2010-08-24,2.6345,2.488,51.22
2010-08-25,2.673,2.534,52.0
2010-08-26,2.632,2.4755,53.09
2010-08-27,2.6315,2.6447,54.24
2010-08-30,2.648,2.5285,54.2
2010-08-31,2.5995,2.4683,52.82
2010-09-01,2.599,2.573,54.03
2010-09-02,2.621,2.6231,54.44
2010-09-03,2.69,2.697,54.25
2010-09-06,2.66,2.7025,54.4
2010-09-07,2.6405,2.5944,55.01
2010-09-08,2.6605,2.6555,55.32
2010-09-09,2.639,2.7588,54.82
2010-09-10,2.753,2.7917,55.31
2010-09-13,2.754,2.748,55.85
2010-09-14,2.71,2.679,55.99
2010-09-15,2.674,2.7207,56.09
2010-09-16,2.722,2.7608,55.43
2010-09-17,2.7355,2.7372,55.24
2010-09-20,2.726,2.7026,56.02
2010-09-21,2.789,2.5727,55.39
2010-09-22,2.7435,2.5583,55.05
2010-09-23,2.759,2.5511,55.17
2010-09-24,2.758,2.605,55.7
2010-09-27,2.72,2.5242,55.49
2010-09-28,2.7705,2.4653,55.59
2010-09-29,2.797,2.5027,57.05
2010-09-30,2.791,2.5098,58.13
2010-10-01,2.797,2.5097,59.15
2010-10-04,2.787,2.4758,58.82
2010-10-05,2.846,2.4722,59.92
2010-10-06,2.921,2.3976,60.08
2010-10-07,2.908,2.3834,58.92
2010-10-08,2.962,2.392,59.35
2010-10-11,2.9055,2.3919,59.13
2010-10-12,2.9455,2.4309,58.93
2010-10-13,2.918,2.422,59.61
2010-10-14,3.122,2.5076,59.15
2010-10-15,3.145,2.5597,57.92
2010-10-18,3.0795,2.5075,59.27
2010-10-19,3.076,2.4752,56.97
2010-10-20,3.0655,2.4788,58.73
2010-10-21,3.1095,2.5452,57.49
2010-10-22,3.067,2.5541,58.28
2010-10-25,3.179,2.5613,58.69
2010-10-26,3.1875,2.6393,58.77
2010-10-27,3.189,2.7198,58.47
2010-10-28,3.195,2.6576,58.72
2010-10-29,3.1595,2.5993,58.41
2010-11-01,3.229,2.6229,59.45
2010-11-02,3.235,2.5866,60.0
2010-11-03,3.145,2.5702,60.68
2010-11-04,2.98,2.489,61.82
2010-11-05,3.0255,2.5304,61.9
2010-11-08,3.0155,2.5502,62.14
2010-11-09,3.081,2.6558,62.05
2010-11-10,2.968,2.6286,62.49
2010-11-11,3.05,2.6447,62.39
2010-11-12,3.0545,2.7871,60.65
2010-11-15,3.055,2.9593,60.82
2010-11-16,3.0645,2.84,59.39
2010-11-17,3.191,2.8766,58.38
2010-11-18,3.211,2.895,59.62
2010-11-19,3.1965,2.8713,59.12
2010-11-22,3.2315,2.8019,58.85
2010-11-23,3.1735,2.7729,58.35
2010-11-24,3.2465,2.912,60.17
2010-11-25,3.225,2.9085,60.35
2010-11-26,3.1955,2.8663,59.99
2010-11-29,3.175,2.8205,61.22
2010-11-30,3.221,2.7968,60.23
2010-12-01,3.2325,2.9642,62.29
2010-12-02,3.26,2.9885,63.57
2010-12-03,3.259,3.0055,64.08
2010-12-06,3.2295,2.9201,64.1
2010-12-07,3.343,3.1257,64.06
2010-12-08,3.0945,3.2723,63.63
2010-12-09,3.085,3.2037,63.78
2010-12-10,3.1395,3.319,63.42
2010-12-13,3.189,3.275,63.92
2010-12-14,3.174,3.4727,63.93
2010-12-15,3.273,3.5318,64.45
2010-12-16,3.301,3.4224,64.07
2010-12-17,3.191,3.3279,64.12
2010-12-20,3.195,3.3358,64.86
2010-12-21,3.173,3.3031,65.19
2010-12-22,3.156,3.3458,65.5
2010-12-23,3.129,3.3892,65.92
2010-12-24,3.13,3.3933,65.58
2010-12-27,3.158,3.3294,65.64
2010-12-28,3.142,3.4795,66.01
2010-12-29,3.138,3.3489,65.84
2010-12-30,3.15,3.3646,65.11
2010-12-31,3.1275,3.2935,66.27
2011-01-03,3.1392,3.3324,66.33
2011-01-04,3.115,3.3287,65.42
2011-01-05,3.1145,3.4654,66.79
2011-01-06,3.085,3.3932,66.11
2011-01-07,3.039,3.3237,65.28
2011-01-10,3.048,3.2832,66.93
2011-01-11,3.084,3.3396,68.27
2011-01-12,3.075,3.365,68.52
2011-01-13,3.07,3.2972,68.33
2011-01-14,3.035,3.3231,69.09
2011-01-17,3.058,3.3291,68.43
2011-01-18,3.165,3.3663,68.69
2011-01-19,3.075,3.339,68.94
2011-01-20,3.037,3.4488,67.83
2011-01-21,3.028,3.4042,68.54
2011-01-24,3.01,3.4044,67.85
2011-01-25,3.018,3.3284,66.89
2011-01-26,3.0825,3.4146,68.76
2011-01-27,3.026,3.3873,68.4
2011-01-28,3.0265,3.3214,69.82
2011-01-31,3.1,3.3704,70.94
2011-02-01,3.107,3.4394,71.45
2011-02-02,3.096,3.4771,71.87
2011-02-03,3.035,3.5488,71.47
2011-02-04,3.046,3.6356,70.11
2011-02-07,3.045,3.6299,69.7
2011-02-08,3.0095,3.7373,70.17
2011-02-09,3.0385,3.6465,71.43
2011-02-10,3.0285,3.6928,70.82
2011-02-11,3.013,3.6288,70.47
2011-02-14,3.03,3.6194,71.96
2011-02-15,3.02,3.6044,70.96
2011-02-16,2.975,3.6193,72.45
2011-02-17,2.967,3.5725,71.62
2011-02-18,3.0835,3.5799,71.57
2011-02-21,3.035,3.5874,73.82
2011-02-22,3.012,3.4533,73.85
2011-02-23,2.865,3.4848,77.66
2011-02-24,3.001,3.4477,77.74
2011-02-25,3.035,3.4125,78.29
2011-02-28,3.0225,3.4272,78.05
2011-03-01,3.034,3.3921,80.58
2011-03-02,3.0595,3.4697,81.23
2011-03-03,3.1825,3.5554,80.14
2011-03-04,3.155,3.49,80.96
2011-03-07,3.145,3.5123,80.31
2011-03-08,3.175,3.5477,78.93
2011-03-09,3.18,3.4675,80.94
2011-03-10,3.11,3.3584,80.58
2011-03-11,2.985,3.4025,79.47
2011-03-14,3.09,3.3563,79.39
2011-03-15,3.06,3.303,75.81
2011-03-16,3.074,3.17,77.21
2011-03-17,2.965,3.255,80.21
2011-03-18,2.9275,3.2678,79.54
2011-03-21,3.0,3.3282,80.25
2011-03-22,2.8462,3.3263,80.77
2011-03-23,2.899,3.3501,80.67
2011-03-24,2.898,3.4037,80.79
2011-03-25,2.98,3.4388,80.69
2011-03-28,3.0165,3.4313,80.14
2011-03-29,2.9905,3.4872,80.39
2011-03-30,2.985,3.4349,80.37
2011-03-31,3.0235,3.4703,81.93
2011-04-01,3.038,3.4422,82.87
2011-04-04,2.981,3.4179,84.51
2011-04-05,3.021,3.4795,85.32
2011-04-06,3.029,3.5452,85.38
2011-04-07,3.088,3.5451,85.64
2011-04-08,3.077,3.5772,88.42
2011-04-11,3.084,3.5847,86.55
2011-04-12,3.075,3.4904,84.45
2011-04-13,3.13,3.4585,85.79
2011-04-14,3.159,3.4979,85.56
2011-04-15,3.1925,3.4079,86.57
2011-04-18,3.107,3.3743,85.28
2011-04-19,3.135,3.3631,85.09
2011-04-20,3.11,3.4077,86.85
2011-04-21,3.076,3.3963,86.95
2011-04-22,3.076,3.3907,
2011-04-25,3.107,3.3627,86.72
2011-04-26,2.965,3.307,87.06
2011-04-27,2.886,3.3552,87.75
2011-04-28,2.968,3.3106,87.67
2011-04-29,3.068,3.2863,88.28
2011-05-02,2.981,3.2788,87.74
2011-05-03,2.9825,3.2473,85.87
2011-05-04,3.0505,3.2159,84.99
2011-05-05,2.956,3.1499,77.7
2011-05-06,2.993,3.1459,76.53
2011-05-09,3.0405,3.1604,81.28
2011-05-10,3.044,3.2135,82.49
2011-05-11,2.9825,3.1593,78.94
2011-05-12,3.041,3.2225,79.23
2011-05-13,2.99,3.1709,79.83
2011-05-16,2.989,3.147,78.11
2011-05-17,2.892,3.1158,77.51
2011-05-18,2.945,3.1801,79.14
2011-05-19,2.931,3.1709,78.52
2011-05-20,2.942,3.1451,79.2
2011-05-23,2.954,3.1286,77.59
2011-05-24,3.042,3.1139,79.3
2011-05-25,3.024,3.1304,80.99
2011-05-26,3.013,3.0572,81.07
2011-05-27,3.019,3.0735,81.06
2011-05-30,3.03,3.0735,80.81
2011-05-31,3.015,3.0607,82.26
2011-06-01,3.0095,2.9408,80.71
2011-06-02,3.026,3.0297,81.42
2011-06-03,3.064,2.9859,81.63
2011-06-06,3.047,2.995,80.67
2011-06-07,3.039,2.9949,82.29
2011-06-08,2.9635,2.9387,83.05
2011-06-09,3.003,2.9967,84.26
2011-06-10,2.979,2.9693,83.7
2011-06-13,2.978,2.9838,83.75
2011-06-14,3.017,3.0972,84.41
2011-06-15,2.95,2.9692,79.93
2011-06-16,2.991,2.9274,80.64
2011-06-17,3.001,2.9445,80.07
2011-06-20,3.018,2.958,78.99
2011-06-21,3.051,2.9835,78.47
2011-06-22,3.043,2.9825,80.77
2011-06-23,3.1185,2.9116,75.86
2011-06-24,3.1425,2.8636,74.35
2011-06-27,3.203,2.9305,74.96
2011-06-28,3.211,3.0308,76.93
2011-06-29,3.2755,3.1118,79.49
2011-06-30,3.2505,3.16,79.55
2011-07-01,3.189,3.1823,79.05
2011-07-04,3.23,3.1823,78.78
2011-07-05,3.124,3.121,80.35
2011-07-06,3.099,3.108,80.36
2011-07-07,3.139,3.1377,83.87
2011-07-08,3.042,3.0268,83.69
2011-07-11,3.064,2.9189,82.92
2011-07-12,3.044,2.877,83.26
2011-07-13,3.078,2.8824,83.91
2011-07-14,3.033,2.9534,82.77
2011-07-15,3.086,2.9058,83.49
2011-07-18,3.18,2.9276,82.63
2011-07-19,3.1565,2.8802,83.34
2011-07-20,3.158,2.9275,84.12
2011-07-21,3.203,3.0136,83.66
2011-07-22,3.197,2.9621,84.49
2011-07-25,3.283,3.0006,83.97
2011-07-26,3.2065,2.9529,84.21
2011-07-27,3.246,2.9803,83.61
2011-07-28,3.19,2.9454,83.56
2011-07-29,3.1215,2.7961,83.12
2011-08-01,3.125,2.7437,83.17
2011-08-02,3.0205,2.6114,82.92
2011-08-03,3.003,2.6202,80.62
2011-08-04,3.142,2.4028,76.36
2011-08-05,3.0945,2.5585,77.87
2011-08-08,3.053,2.3179,73.86
2011-08-09,3.1415,2.2488,73.03
2011-08-10,3.195,2.1061,75.95
2011-08-11,3.245,2.3399,76.91
2011-08-12,3.153,2.2548,76.92
2011-08-15,3.124,2.3053,78.4
2011-08-16,3.1,2.2196,77.89
2011-08-17,3.128,2.1652,78.94
2011-08-18,2.836,2.0624,76.37
2011-08-19,2.775,2.0623,77.53
2011-08-22,2.872,2.1058,77.34
2011-08-23,2.848,2.153,78.02
2011-08-24,2.905,2.2994,78.62
2011-08-25,3.0025,2.2286,78.96
2011-08-26,2.911,2.1899,79.48
2011-08-29,2.9145,2.2561,79.86
2011-08-30,2.885,2.1767,81.38
2011-08-31,2.922,2.2234,81.98
2011-09-01,2.902,2.1302,81.58
2011-09-02,2.8045,1.9857,80.18
2011-09-05,2.835,1.9857,78.57
2011-09-06,2.763,1.984,80.58
2011-09-07,2.827,2.0429,82.65
2011-09-08,2.829,1.9787,81.76
2011-09-09,2.805,1.9183,80.49
2011-09-12,2.805,1.9475,80.12
2011-09-13,2.807,1.9906,79.81
2011-09-14,2.8295,1.9837,79.73
2011-09-15,2.794,2.082,81.65
2011-09-16,2.7605,2.0479,81.6
2011-09-19,2.751,1.9506,79.36
2011-09-20,2.823,1.9385,80.37
2011-09-21,2.744,1.8576,80.24
2011-09-22,2.683,1.718,76.7
2011-09-23,2.7515,1.8334,75.6
2011-09-26,2.7745,1.9002,75.58
2011-09-27,2.851,1.9711,77.9
2011-09-28,2.786,1.9797,75.48
2011-09-29,2.6725,1.9962,75.58
2011-09-30,2.759,1.9154,74.72
2011-10-03,2.5425,1.756,73.95
2011-10-04,2.654,1.8207,72.56
2011-10-05,2.6785,1.8877,74.7
2011-10-06,2.755,1.9872,76.88
2011-10-07,2.8455,2.0764,76.99
2011-10-10,2.84,2.0764,79.22
2011-10-11,2.766,2.1496,80.51
2011-10-12,2.7555,2.2101,81.2
2011-10-13,2.694,2.1834,81.37
2011-10-14,2.6915,2.2477,83.63
2011-10-17,2.666,2.155,82.08
2011-10-18,2.6085,2.1763,82.82
2011-10-19,2.6665,2.1603,80.77
2011-10-20,2.679,2.1888,81.79
2011-10-21,2.68,2.2192,81.64
2011-10-24,2.71,2.2336,83.05
2011-10-25,2.6985,2.1089,82.65
2011-10-26,2.775,2.2041,81.15
2011-10-27,2.868,2.3964,83.52
2011-10-28,2.811,2.3167,81.9
2011-10-31,2.73,2.1133,81.64
2011-11-01,2.7395,1.9889,81.62
2011-11-02,2.725,1.9854,81.47
2011-11-03,2.731,2.0734,82.58
2011-11-04,2.744,2.0327,83.43
2011-11-07,2.763,2.0371,85.36
2011-11-08,2.7555,2.0769,85.69
2011-11-09,2.621,1.9615,83.69
2011-11-10,2.68,2.0564,84.73
2011-11-11,2.697,2.0564,85.07
2011-11-14,2.625,2.0556,83.82
2011-11-15,2.679,2.0451,84.5
2011-11-16,2.6355,2.0,84.27
2011-11-17,2.589,1.9602,81.52
2011-11-18,2.6115,2.0104,81.02
2011-11-21,2.562,1.955,80.51
2011-11-22,2.518,1.917,82.13
2011-11-23,2.526,1.8835,80.61
2011-11-24,2.532,1.8835,81.19
2011-11-25,2.571,1.9635,80.15
2011-11-28,2.586,1.9739,82.11
2011-11-29,2.6065,1.9913,83.48
2011-11-30,2.623,2.068,83.25
2011-12-01,2.635,2.0873,82.1
2011-12-02,2.736,2.0331,82.81
2011-12-05,2.6295,2.0436,82.72
2011-12-06,2.661,2.0891,83.47
2011-12-07,2.728,2.0296,82.5
2011-12-08,2.581,1.9704,81.43
2011-12-09,2.7976,2.0611,81.82
2011-12-12,2.7145,2.0121,80.79
2011-12-13,2.616,1.9651,82.3
2011-12-14,2.6285,1.9027,78.66
2011-12-15,2.5875,1.9079,78.17
2011-12-16,2.555,1.8474,77.98
2011-12-19,2.5925,1.8096,78.2
2011-12-20,2.713,1.9233,80.53
2011-12-21,2.753,1.9668,81.27
2011-12-22,2.7625,1.9476,81.41
2011-12-23,2.833,2.0244,81.46
2011-12-26,,2.0244,
2011-12-27,2.735,2.0052,82.45
2011-12-28,2.686,1.9162,81.16
2011-12-29,2.6425,1.8988,81.5
2011-12-30,2.626,1.8762,81.02
2012-01-02,2.629,1.8762,
2012-01-03,2.6635,1.9474,84.6
2012-01-04,2.702,1.9771,85.79
2012-01-05,2.743,1.9946,85.06
2012-01-06,2.738,1.9578,85.31
2012-01-09,2.753,1.9578,84.85
2012-01-10,2.7275,1.9683,85.47
2012-01-11,2.668,1.9037,84.69
2012-01-12,2.698,1.9228,83.95
2012-01-13,2.679,1.8636,83.33
2012-01-16,2.664,1.8636,84.08
2012-01-17,2.679,1.8566,84.22
2012-01-18,2.7245,1.8983,83.56
2012-01-19,2.7765,1.977,84.24
2012-01-20,2.812,2.0246,82.96
2012-01-23,2.844,2.0511,83.5
2012-01-24,2.847,2.06,83.09
2012-01-25,2.8895,1.9946,82.92
2012-01-26,2.8415,1.9313,83.66
2012-01-27,2.843,1.891,84.17
2012-01-30,2.856,1.8439,83.63
2012-01-31,2.866,1.7971,83.81
2012-02-01,2.8885,1.8265,84.24
2012-02-02,2.9225,1.8212,84.63
2012-02-03,2.9365,1.9224,86.52
2012-02-06,2.948,1.9066,87.54
2012-02-07,2.9505,1.9734,87.77
2012-02-08,2.943,1.9822,88.5
2012-02-09,2.912,2.0364,89.55
2012-02-10,2.891,1.9862,88.59
2012-02-13,2.879,1.9741,89.07
2012-02-14,2.8525,1.9361,89.04
2012-02-15,2.8645,1.9275,90.24
2012-02-16,2.928,1.9827,91.13
2012-02-17,2.965,2.0017,90.73
2012-02-20,2.97,2.0017,91.09
2012-02-21,2.966,2.0591,92.31
2012-02-22,2.947,2.0034,93.25
2012-02-23,2.889,1.9965,93.8
2012-02-24,2.868,1.9757,95.2
2012-02-27,2.927,1.9255,94.22
2012-02-28,2.7285,1.9428,92.23
2012-02-29,2.8895,1.9705,93.07
2012-03-01,2.909,2.0261,95.76
2012-03-02,2.84,1.9739,93.82
2012-03-05,2.803,2.0104,93.93
2012-03-06,2.7615,1.9427,92.55
2012-03-07,2.803,1.9756,94.18
2012-03-08,2.8385,2.0121,95.18
2012-03-09,2.868,2.0279,95.59
2012-03-12,2.873,2.0331,95.1
2012-03-13,2.888,2.1263,95.8
2012-03-14,2.916,2.2686,94.97
2012-03-15,2.997,2.2794,93.46
2012-03-16,2.9595,2.294,95.9
2012-03-19,3.0325,2.3772,95.83
2012-03-20,3.0585,2.3591,94.62
2012-03-21,3.0045,2.296,94.68
2012-03-22,3.0045,2.2781,93.87
2012-03-23,2.9925,2.2317,95.39
2012-03-26,2.9715,2.2479,95.78
2012-03-27,2.9505,2.1836,95.7
2012-03-28,2.9495,2.1997,94.65
2012-03-29,2.9375,2.1587,93.3
2012-03-30,2.94,2.2088,93.67
2012-04-02,2.9865,2.182,95.61
2012-04-03,2.968,2.2988,95.18
2012-04-04,2.9145,2.2233,93.26
2012-04-05,2.892,2.1805,94.09
2012-04-06,2.842,2.0545,
2012-04-09,2.8275,2.0474,93.51
2012-04-10,2.8605,1.9823,91.38
2012-04-11,2.9315,2.0351,91.67
2012-04-12,2.897,2.051,92.93
2012-04-13,2.799,1.9823,92.69
2012-04-16,2.88,1.9805,90.76
2012-04-17,2.7855,1.9981,90.83
2012-04-18,2.869,1.9753,90.21
2012-04-19,2.91,1.9665,90.24
2012-04-20,2.87,1.9629,90.82
2012-04-23,2.828,1.9349,90.78
2012-04-24,2.885,1.9735,90.36
2012-04-25,2.895,1.984,91.09
2012-04-26,2.992,1.9383,91.7
2012-04-27,2.98,1.9348,91.64
2012-04-30,2.751,1.9137,91.36
2012-05-01,2.88,1.9435,91.51
2012-05-02,2.87,1.9277,90.39
2012-05-03,2.886,1.9312,88.77
2012-05-04,2.89,1.8786,86.55
2012-05-07,2.8275,1.8716,86.53
2012-05-08,2.738,1.8402,86.21
2012-05-09,2.86,1.8227,86.57
2012-05-10,2.91,1.867,86.21
2012-05-11,2.665,1.8376,85.85
2012-05-14,2.8275,1.7637,85.26
2012-05-15,2.915,1.7671,85.6
2012-05-16,2.7415,1.7603,84.3
2012-05-17,2.77,1.6971,82.56
2012-05-18,2.82,1.7226,82.29
2012-05-21,2.8775,1.7414,83.57
2012-05-22,2.829,1.7688,83.27
2012-05-23,2.727,1.7346,81.08
2012-05-24,2.82,1.7774,81.84
2012-05-25,2.783,1.738,82.05
2012-05-28,2.86,1.738,82.27
2012-05-29,2.813,1.7448,81.94
2012-05-30,2.715,1.622,79.47
2012-05-31,2.78,1.5578,78.24
2012-06-01,2.7775,1.452,75.6
2012-06-04,2.822,1.5239,75.92
2012-06-05,2.893,1.5744,75.92
2012-06-06,2.8,1.6592,77.3
2012-06-07,2.8055,1.6388,76.75
2012-06-08,2.817,1.6353,76.4
2012-06-11,2.7525,1.586,75.27
2012-06-12,2.7785,1.6642,74.69
2012-06-13,2.805,1.5927,74.49
2012-06-14,2.805,1.642,74.84
2012-06-15,2.65,1.5773,75.18
2012-06-18,2.768,1.5738,73.98
2012-06-19,2.82,1.6197,73.75
2012-06-20,2.85,1.6572,71.39
2012-06-21,2.7375,1.6162,68.72
2012-06-22,2.77,1.6742,70.07
2012-06-25,2.88,1.6024,70.09
2012-06-26,2.711,1.6262,71.64
2012-06-27,2.8675,1.6177,72.01
2012-06-28,2.69,1.5768,70.36
2012-06-29,2.82,1.6449,75.32
2012-07-02,2.7,1.5885,74.97
2012-07-03,2.83,1.6294,77.54
2012-07-04,2.767,1.6294,76.84
2012-07-05,2.7905,1.5969,77.56
2012-07-06,2.673,1.5491,75.62
2012-07-09,2.618,1.5117,77.27
2012-07-10,2.7,1.5015,75.46
2012-07-11,2.69,1.5167,77.2
2012-07-12,2.707,1.4743,77.84
2012-07-13,2.794,1.4876,78.87
2012-07-16,2.661,1.4724,80.38
2012-07-17,2.7775,1.5078,80.87
2012-07-18,2.726,1.4942,81.78
2012-07-19,2.67,1.5077,83.83
2012-07-20,2.783,1.4567,83.07
2012-07-23,2.7287,1.4263,80.3
2012-07-24,2.7169,1.3875,80.42
2012-07-25,2.6961,1.3975,81.17
2012-07-26,2.7149,1.4378,81.85
2012-07-27,2.7576,1.5463,82.79
2012-07-30,2.7571,1.5019,82.58
2012-07-31,2.7765,1.4679,81.59
2012-08-01,2.7937,1.524,82.4
2012-08-02,2.7573,1.4779,82.35
2012-08-03,2.8276,1.5631,84.71
2012-08-06,2.8498,1.5664,85.19
2012-08-07,2.869,1.6283,87.09
2012-08-08,2.8938,1.6491,87.2
2012-08-09,2.8445,1.6881,88.04
2012-08-10,2.8405,1.6573,87.83
2012-08-13,2.8148,1.6642,88.34
2012-08-14,2.8555,1.7378,88.68
2012-08-15,2.8633,1.8155,90.39
2012-08-16,2.8705,1.8346,91.15
2012-08-17,2.8783,1.8105,89.91
2012-08-20,2.8832,1.8053,89.9
2012-08-21,2.8898,1.7984,90.65
2012-08-22,2.905,1.6916,90.86
2012-08-23,2.9086,1.6779,90.94
2012-08-24,2.8896,1.6865,89.82
2012-08-27,2.8521,1.6506,88.77
2012-08-28,2.9083,1.6335,89.02
2012-08-29,2.9013,1.6506,88.99
2012-08-30,2.8615,1.6233,89.07
2012-08-31,2.8618,1.5484,90.59
2012-09-03,2.875,1.5484,91.55
2012-09-04,2.8163,1.5722,90.28
2012-09-05,2.8564,1.596,89.42
2012-09-06,2.899,1.6781,89.74
2012-09-07,2.8723,1.6678,90.34
2012-09-10,2.9047,1.6541,90.78
2012-09-11,2.9187,1.7005,91.15
2012-09-12,2.9067,1.7576,91.59
2012-09-13,2.9985,1.723,92.03
2012-09-14,3.0393,1.866,92.65
2012-09-17,3.12,1.8415,90.37
2012-09-18,3.0641,1.8083,88.97
2012-09-19,3.0333,1.7718,85.92
2012-09-20,2.9966,1.764,87.38
2012-09-21,2.9382,1.7528,88.49
2012-09-24,2.9303,1.7094,87.21
2012-09-25,2.9142,1.6662,87.72
2012-09-26,2.9595,1.6095,87.39
2012-09-27,2.9847,1.6542,88.96
2012-09-28,2.9499,1.6335,89.26
2012-10-01,2.9567,1.6249,89.1
2012-10-02,3.0036,1.6198,88.61
2012-10-03,2.8533,1.6146,85.91
2012-10-04,3.0798,1.6732,89.41
2012-10-05,3.0925,1.7428,88.96
2012-10-08,3.0623,1.7428,88.8
2012-10-09,3.0843,1.7132,90.93
2012-10-10,3.0152,1.6742,90.8
2012-10-11,3.0027,1.6699,91.89
2012-10-12,3.012,1.656,91.03
2012-10-15,3.0273,1.663,91.66
2012-10-16,3.0124,1.7186,91.34
2012-10-17,3.0082,1.8185,90.72
2012-10-18,2.9616,1.8344,90.07
2012-10-19,3.1012,1.7633,88.25
2012-10-22,3.1316,1.8134,87.69
2012-10-23,3.1418,1.7572,86.73
2012-10-24,3.1016,1.7889,86.41
2012-10-25,3.1147,1.8233,86.93
2012-10-26,3.0763,1.7451,87.78
2012-10-29,3.0185,1.7189,87.69
2012-10-30,2.958,1.7189,87.4
2012-10-31,2.937,1.6901,87.09
2012-11-01,2.938,1.7242,86.67
2012-11-02,2.943,1.7147,84.67
2012-11-05,2.973,1.6841,86.32
2012-11-06,2.936,1.7507,88.99
2012-11-07,3.0484,1.6466,85.59
2012-11-08,3.0712,1.6148,85.93
2012-11-09,3.0313,1.6063,87.65
2012-11-12,3.068,1.6063,87.39
2012-11-13,3.0279,1.5945,86.74
2012-11-14,3.0031,1.5911,87.66
2012-11-15,2.9667,1.5928,87.28
2012-11-16,2.9841,1.58,88.04
2012-11-19,2.9952,1.6131,90.26
2012-11-20,2.9907,1.6659,88.75
2012-11-21,3.0012,1.6796,89.58
2012-11-22,2.977,1.6796,89.33
2012-11-23,3.004,1.6899,90.0
2012-11-26,3.0094,1.6625,89.63
2012-11-27,2.9975,1.6369,88.78
2012-11-28,3.0284,1.6284,88.49
2012-11-29,3.065,1.6147,89.5
2012-11-30,3.0542,1.6156,89.88
2012-12-03,3.0997,1.6207,89.63
2012-12-04,3.102,1.6028,88.76
2012-12-05,3.1106,1.5875,87.92
2012-12-06,3.0951,1.5857,86.49
2012-12-07,3.123,1.6215,86.48
2012-12-10,3.1334,1.6164,86.73
2012-12-11,3.1341,1.6541,87.28
2012-12-12,3.1007,1.698,88.37
2012-12-13,3.0528,1.7299,87.09
2012-12-14,3.014,1.7015,88.5
2012-12-17,3.0392,1.7717,88.05
2012-12-18,3.1064,1.817,89.04
2012-12-19,3.0729,1.8014,90.28
2012-12-20,3.078,1.7962,90.15
2012-12-21,3.0749,1.7623,89.14
2012-12-24,3.069,1.7737,89.0
2012-12-25,3.055,1.7737,
2012-12-26,3.0714,1.7511,90.86
2012-12-27,3.0507,1.7364,90.64
2012-12-28,3.0162,1.7009,90.49
2012-12-31,3.0444,1.7574,90.89
2013-01-01,3.08,1.7574,
2013-01-02,3.0567,1.8371,92.01
2013-01-03,3.0702,1.9121,91.74
2013-01-04,3.055,1.8991,91.06
2013-01-07,3.098,1.8974,91.13
2013-01-08,3.0674,1.8683,91.57
2013-01-09,3.0424,1.8568,91.42
2013-01-10,3.0918,1.8958,91.53
2013-01-11,3.0878,1.8677,90.51
2013-01-14,3.0812,1.8448,91.42
2013-01-15,3.081,1.836,90.34
2013-01-16,3.04,1.8185,90.38
2013-01-17,3.0698,1.8794,91.55
2013-01-18,3.0708,1.8416,92.2
2013-01-21,3.027,1.8416,92.05
2013-01-22,3.0208,1.8417,92.63
2013-01-23,3.025,1.8241,92.95
2013-01-24,3.0676,1.8498,93.34
2013-01-25,3.0476,1.9487,93.34
2013-01-28,3.1302,1.9613,93.51
2013-01-29,3.1078,1.9991,94.23
2013-01-30,3.0693,1.992,94.68
2013-01-31,3.1162,1.9849,95.21
2013-02-01,3.0582,2.0149,96.21
2013-02-04,3.0588,1.9548,95.25
2013-02-05,3.051,1.998,96.01
2013-02-06,3.0386,1.9603,96.19
2013-02-07,3.0588,1.9568,96.61
2013-02-08,3.0656,1.9499,97.97
2013-02-11,3.0644,1.9635,97.44
2013-02-12,3.1204,1.977,97.89
2013-02-13,3.0318,2.0277,98.0
2013-02-14,3.0502,1.9974,98.1
2013-02-15,3.0112,2.0017,97.82
2013-02-18,3.086,2.0017,97.58
2013-02-19,3.0142,2.0278,97.7
2013-02-20,3.0606,2.0087,96.1
2013-02-21,3.0458,1.9766,94.38
2013-02-22,3.061,1.9619,94.86
2013-02-25,3.071,1.8637,95.14
2013-02-26,3.0668,1.8808,93.7
2013-02-27,3.0228,1.9014,93.0
2013-02-28,3.0546,1.8756,92.6
2013-03-01,3.0316,1.8412,91.78
2013-03-04,3.0556,1.8755,91.52
2013-03-05,3.0416,1.8978,92.79
2013-03-06,3.0636,1.9375,92.33
2013-03-07,3.0696,1.9965,92.4
2013-03-08,3.0284,2.0427,92.15
2013-03-11,3.0424,2.0576,91.63
2013-03-12,3.0179,2.0156,91.25
2013-03-13,3.0142,2.0209,90.42
2013-03-14,2.9481,2.0296,91.02
2013-03-15,2.9962,1.9895,91.74
2013-03-18,3.0072,1.9546,91.48
2013-03-19,3.025,1.9017,89.76
2013-03-20,3.008,1.9581,90.82
2013-03-21,3.039,1.9112,89.78
2013-03-22,3.0558,1.925,89.94
2013-03-25,3.0076,1.9198,90.36
2013-03-26,2.975,1.9094,91.36
2013-03-27,3.0405,1.8454,91.63
2013-03-28,3.016,1.8487,91.91
2013-03-29,2.9975,1.8486,
2013-04-01,2.9814,1.8314,92.79
2013-04-02,3.0381,1.859,92.47
2013-04-03,2.9756,1.8106,89.48
2013-04-04,2.9298,1.7625,88.83
2013-04-05,2.9762,1.7128,86.98
2013-04-08,2.91,1.746,87.43
2013-04-09,2.8901,1.7502,88.74
2013-04-10,2.9778,1.8034,88.37
2013-04-11,3.0118,1.7887,87.1
2013-04-12,2.9858,1.7208,86.13
2013-04-15,2.9942,1.6798,84.12
2013-04-16,2.9566,1.7224,83.52
2013-04-17,2.9279,1.695,81.66
2013-04-18,2.8402,1.6847,82.87
2013-04-19,2.9038,1.7049,83.3
2013-04-22,2.9602,1.6929,83.92
2013-04-23,2.9985,1.7065,83.85
2013-04-24,2.9735,1.7047,85.04
2013-04-25,2.9331,1.708,86.44
2013-04-26,2.9572,1.6633,86.23
2013-04-29,2.9432,1.6701,86.78
2013-04-30,2.942,1.6717,85.57
2013-05-01,2.9266,1.629,83.55
2013-05-02,2.882,1.6255,85.98
2013-05-03,2.8282,1.7382,87.1
2013-05-06,2.9014,1.7588,88.16
2013-05-07,2.9098,1.7778,87.27
2013-05-08,2.87,1.7665,87.22
2013-05-09,2.9048,1.8109,87.33
2013-05-10,2.9608,1.8973,86.86
2013-05-13,2.9688,1.9199,85.95
2013-05-14,2.9614,1.974,85.84
2013-05-15,2.89,1.9347,86.67
2013-05-16,2.8416,1.8809,86.91
2013-05-17,2.8576,1.9506,87.63
2013-05-20,2.8376,1.9647,87.76
2013-05-21,2.8758,1.9263,87.01
2013-05-22,2.8368,2.0395,85.92
2013-05-23,2.885,2.0157,85.78
2013-05-24,2.908,2.0081,85.95
2013-05-27,2.788,2.0081,85.93
2013-05-28,2.9126,2.1652,87.28
2013-05-29,2.8758,2.1153,85.77
2013-05-30,2.926,2.111,85.57
2013-05-31,2.8708,2.1282,84.07
2013-06-03,2.8652,2.1193,85.46
2013-06-04,2.8552,2.1462,86.45
2013-06-05,2.8702,2.0892,86.29
2013-06-06,2.8356,2.0769,86.76
2013-06-07,2.7904,2.1718,87.56
2013-06-10,2.7446,2.2097,87.05
2013-06-11,2.741,2.1846,86.26
2013-06-12,2.7936,2.228,86.75
2013-06-13,2.714,2.1489,87.92
2013-06-14,2.787,2.1295,88.74
2013-06-17,2.811,2.1817,88.35
2013-06-18,2.789,2.1854,88.81
2013-06-19,2.694,2.3527,88.9
2013-06-20,2.654,2.4144,85.57
2013-06-21,2.679,2.531,84.53
2013-06-24,2.748,2.5368,84.74
2013-06-25,2.754,2.6082,84.83
2013-06-26,2.788,2.5353,85.16
2013-06-27,2.791,2.4721,86.13
2013-06-28,2.744,2.4857,85.58
2013-07-01,2.795,2.4765,86.29
2013-07-02,2.854,2.4693,87.12
2013-07-03,2.7236,2.5032,88.6
2013-07-04,2.821,2.5032,88.41
2013-07-05,2.766,2.7391,90.24
2013-07-08,2.764,2.6356,90.0
2013-07-09,2.727,2.634,90.31
2013-07-10,2.703,2.6238,90.9
2013-07-11,2.631,2.5721,90.25
2013-07-12,2.74,2.5821,91.15
2013-07-15,2.7705,2.5372,91.28
2013-07-16,2.8275,2.5317,91.33
2013-07-17,2.846,2.4888,91.73
2013-07-18,2.899,2.5284,91.8
2013-07-19,2.929,2.4839,91.27
2013-07-22,2.941,2.4804,91.34
2013-07-23,2.931,2.5049,91.57
2013-07-24,2.895,2.588,90.53
2013-07-25,2.842,2.5712,90.92
2013-07-26,2.915,2.5624,90.51
2013-07-29,2.993,2.6023,90.75
2013-07-30,3.012,2.6101,90.29
2013-07-31,2.998,2.5762,90.96
2013-08-01,2.916,2.706,92.51
2013-08-02,2.933,2.596,92.01
2013-08-05,2.969,2.6333,91.8
2013-08-06,3.019,2.6421,91.36
2013-08-07,3.02,2.5986,90.74
2013-08-08,3.048,2.5892,90.1
2013-08-09,3.061,2.5784,91.4
2013-08-12,3.036,2.6206,92.03
2013-08-13,3.012,2.719,92.66
2013-08-14,2.993,2.7136,92.95
2013-08-15,2.944,2.7664,93.62
2013-08-16,2.93,2.8251,94.3
2013-08-19,2.881,2.8804,93.88
2013-08-20,2.8479,2.8142,94.09
2013-08-21,2.851,2.8935,93.8
2013-08-22,2.8225,2.8844,93.88
2013-08-23,2.808,2.8146,94.85
2013-08-26,2.836,2.7853,94.58
2013-08-27,2.85,2.7087,97.69
2013-08-28,2.819,2.7653,99.61
2013-08-29,2.739,2.7617,98.37
2013-08-30,2.731,2.7839,97.39
2013-09-02,2.699,2.7839,97.66
2013-09-03,2.74,2.8576,98.81
2013-09-04,2.701,2.8966,98.16
2013-09-05,2.711,2.9937,98.45
2013-09-06,2.678,2.9342,99.19
2013-09-09,2.697,2.912,97.14
2013-09-10,2.749,2.9643,95.03
2013-09-11,2.744,2.9122,95.18
2013-09-12,2.699,2.9095,96.33
2013-09-13,2.704,2.8846,96.48
2013-09-16,2.779,2.8643,95.07
2013-09-17,2.837,2.8468,93.45
2013-09-18,2.928,2.6878,95.53
2013-09-19,2.9226,2.7519,93.94
2013-09-20,2.948,2.7337,94.34
2013-09-23,2.997,2.6999,93.42
2013-09-24,2.918,2.6552,93.84
2013-09-25,2.903,2.628,93.56
2013-09-26,2.901,2.6498,94.33
2013-09-27,2.887,2.6245,93.83
2013-09-30,2.9593,2.61,93.6
2013-10-01,2.908,2.65,93.23
2013-10-02,2.9279,2.6173,94.31
2013-10-03,2.899,2.6046,94.15
2013-10-04,2.886,2.6447,94.55
2013-10-07,2.895,2.6265,94.74
2013-10-08,2.885,2.632,95.15
2013-10-09,2.919,2.6631,94.2
2013-10-10,2.891,2.6814,96.57
2013-10-11,2.915,2.6871,96.12
2013-10-14,2.871,2.6871,95.96
2013-10-15,2.893,2.7276,95.25
2013-10-16,2.843,2.6633,96.27
2013-10-17,2.842,2.5894,94.98
2013-10-18,2.863,2.5777,95.7
2013-10-21,2.91,2.6014,95.44
2013-10-22,2.902,2.5124,95.73
2013-10-23,2.891,2.5016,93.84
2013-10-24,2.896,2.5197,93.13
2013-10-25,2.931,2.5088,93.08
2013-10-28,2.91,2.5233,95.41
2013-10-29,2.902,2.5034,94.89
2013-10-30,2.886,2.5378,95.63
2013-10-31,2.866,2.5542,94.74
2013-11-01,2.847,2.6218,92.19
2013-11-04,2.8972,2.6035,92.47
2013-11-05,2.9171,2.6696,91.69
2013-11-06,2.914,2.6421,91.61
2013-11-07,2.88,2.5999,90.06
2013-11-08,2.7724,2.7477,91.5
2013-11-11,2.754,2.7477,92.62
2013-11-12,2.7784,2.7728,92.06
2013-11-13,2.8465,2.6996,93.24
2013-11-14,2.8415,2.69,94.45
2013-11-15,2.9293,2.7033,94.64
2013-11-18,2.908,2.6658,94.62
2013-11-19,2.934,2.7069,93.26
2013-11-20,2.915,2.7987,94.26
2013-11-21,2.8465,2.7842,96.02
2013-11-22,2.888,2.7427,96.87
2013-11-25,2.9315,2.7283,96.82
2013-11-26,2.9181,2.7077,96.72
2013-11-27,2.922,2.7373,97.09
2013-11-28,2.818,2.7373,96.7
2013-11-29,2.8639,2.7445,95.68
2013-12-02,2.9205,2.7951,97.21
2013-12-03,2.9262,2.7825,98.24
2013-12-04,2.827,2.8342,97.59
2013-12-05,2.8389,2.8717,96.8
2013-12-06,2.835,2.8553,97.35
2013-12-09,2.859,2.8389,95.42
2013-12-10,2.855,2.8006,95.41
2013-12-11,2.888,2.8535,95.69
2013-12-12,2.7985,2.8773,94.79
2013-12-13,2.862,2.8646,94.93
2013-12-16,2.905,2.8784,95.88
2013-12-17,2.9415,2.8354,95.03
2013-12-18,2.986,2.8931,96.08
2013-12-19,2.822,2.9291,96.66
2013-12-20,2.8965,2.8886,97.95
2013-12-23,2.974,2.9274,97.77
2013-12-24,2.7742,2.9775,98.07
2013-12-25,2.8406,2.9775,
2013-12-26,2.919,2.9905,98.14
2013-12-27,2.936,3.0,98.31
2013-12-30,2.8405,2.9703,97.46
2013-12-31,2.9368,3.0282,97.1
2014-01-01,2.9661,3.0282,
2014-01-02,2.947,2.989,94.46
2014-01-03,2.9254,2.9948,93.68
2014-01-06,2.866,2.9576,93.54
2014-01-07,2.892,2.9391,94.08
2014-01-08,2.926,2.9894,93.9
2014-01-09,2.941,2.9652,93.24
2014-01-10,2.926,2.8579,93.99
2014-01-13,2.9325,2.8257,93.55
2014-01-14,2.933,2.8709,93.23
2014-01-15,2.926,2.8912,93.82
2014-01-16,2.906,2.8414,93.36
2014-01-17,2.914,2.8194,94.0
2014-01-20,2.91,2.8194,93.89
2014-01-21,2.9172,2.8286,94.22
2014-01-22,2.9093,2.8656,95.58
2014-01-23,2.862,2.7772,94.97
2014-01-24,2.8856,2.715,95.24
2014-01-27,2.87,2.7479,94.19
2014-01-28,2.859,2.7488,94.82
2014-01-29,2.851,2.6767,95.21
2014-01-30,2.8617,2.6949,95.3
2014-01-31,2.8387,2.644,93.93
2014-02-03,2.841,2.5761,93.62
2014-02-04,2.833,2.6294,93.39
2014-02-05,2.835,2.6675,93.8
2014-02-06,2.8474,2.7003,94.63
2014-02-07,2.8444,2.6829,96.73
2014-02-10,2.873,2.6674,95.9
2014-02-11,2.8469,2.725,96.1
2014-02-12,2.8535,2.7608,96.25
2014-02-13,2.848,2.732,96.4
2014-02-14,2.8312,2.7428,96.9
2014-02-17,2.831,2.7428,96.99
2014-02-18,2.805,2.7069,98.12
2014-02-19,2.812,2.7392,98.13
2014-02-20,2.795,2.7509,97.98
2014-02-21,2.8096,2.731,97.58
2014-02-24,2.828,2.7382,98.28
2014-02-25,2.8322,2.7023,97.28
2014-02-26,2.8382,2.6655,97.29
2014-02-27,2.8132,2.6387,96.79
2014-02-28,2.8476,2.6476,96.89
2014-03-03,2.815,2.6012,98.78
2014-03-04,2.832,2.6977,97.09
2014-03-05,2.843,2.7048,95.72
2014-03-06,2.878,2.7373,96.03
2014-03-07,2.8681,2.7879,96.83
2014-03-10,2.8495,2.777,96.01
2014-03-11,2.849,2.768,96.43
2014-03-12,2.8065,2.73,95.95
2014-03-13,2.8065,2.6446,95.57
2014-03-14,2.8055,2.6543,96.72
2014-03-17,2.8196,2.6921,94.96
2014-03-18,2.8413,2.6722,95.45
2014-03-19,2.8413,2.7725,94.61
2014-03-20,2.8311,2.7716,95.15
2014-03-21,2.822,2.7426,95.57
2014-03-24,2.8349,2.7281,95.47
2014-03-25,2.835,2.748,95.63
2014-03-26,2.835,2.6919,95.67
2014-03-27,2.8148,2.681,96.38
2014-03-28,2.7942,2.7208,96.6
2014-03-31,2.795,2.718,96.32
2014-04-01,2.8056,2.7525,94.41
2014-04-02,2.8044,2.8045,93.66
2014-04-03,2.8033,2.7972,94.88
2014-04-04,2.8212,2.7207,95.39
2014-04-07,2.8212,2.6998,94.58
2014-04-08,2.79,2.6808,96.24
2014-04-09,2.8063,2.6898,96.52
2014-04-10,2.8058,2.6474,96.05
2014-04-11,2.8032,2.6247,95.93
2014-04-14,2.8007,2.6472,97.43
2014-04-15,2.7838,2.6283,97.68
2014-04-16,2.8152,2.6282,97.9
2014-04-17,2.8143,2.7215,97.84
2014-04-18,2.835,2.7215,
2014-04-21,2.8082,2.7151,98.21
2014-04-22,2.7896,2.7105,97.6
2014-04-23,2.8004,2.6987,97.46
2014-04-24,2.7981,2.6805,98.55
2014-04-25,2.8115,2.6623,97.88
2014-04-28,2.8005,2.7005,96.58
2014-04-29,2.75,2.6913,97.35
2014-04-30,2.7659,2.6459,96.53
2014-05-01,2.7667,2.6133,96.26
2014-05-02,2.7769,2.5843,97.0
2014-05-05,2.77,2.6068,96.22
2014-05-06,2.7513,2.5914,95.63
2014-05-07,2.7563,2.5878,96.59
2014-05-08,2.773,2.6161,96.51
2014-05-09,2.7827,2.6233,96.37
2014-05-12,2.78,2.6611,96.84
2014-05-13,2.7588,2.6089,97.51
2014-05-14,2.7516,2.5427,98.2
2014-05-15,2.7474,2.4893,98.0
2014-05-16,2.7177,2.5231,98.6
2014-05-19,2.7474,2.5445,98.26
2014-05-20,2.7474,2.5106,98.54
2014-05-21,2.7489,2.532,99.32
2014-05-22,2.7866,2.5499,99.15
2014-05-23,2.8044,2.5321,99.31
2014-05-26,2.744,2.5321,99.11
2014-05-27,2.7953,2.5142,98.84
2014-05-28,2.7996,2.4431,98.65
2014-05-29,2.829,2.4644,98.79
2014-05-30,2.8204,2.4759,98.29
2014-06-02,2.8091,2.5267,97.77
2014-06-03,2.7977,2.5985,97.76
2014-06-04,2.7601,2.6021,97.38
2014-06-05,2.7797,2.5824,97.73
2014-06-06,2.8045,2.5869,97.57
2014-06-09,2.7888,2.6032,98.81
2014-06-10,2.7909,2.6439,98.39
2014-06-11,2.7876,2.6394,98.85
2014-06-12,2.7769,2.5951,101.61
2014-06-13,2.7799,2.6033,101.64
2014-06-16,2.793,2.597,102.08
2014-06-17,2.812,2.6523,102.54
2014-06-18,2.7837,2.5844,103.27
2014-06-19,2.8373,2.6206,103.99
2014-06-20,2.872,2.6052,103.77
2014-06-23,2.8657,2.6261,103.14
2014-06-24,2.8608,2.5781,103.45
2014-06-25,2.869,2.5592,103.04
2014-06-26,2.8609,2.5286,102.32
2014-06-27,2.8581,2.534,102.4
2014-06-30,2.8383,2.5304,101.55
2014-07-01,2.8303,2.5647,101.49
2014-07-02,2.8379,2.6264,100.54
2014-07-03,2.8501,2.6383,100.32
2014-07-04,2.848,2.6383,100.0
2014-07-07,2.849,2.611,99.64
2014-07-08,2.858,2.5557,98.46
2014-07-09,2.8904,2.5503,97.87
2014-07-10,2.908,2.5359,98.22
2014-07-11,2.908,2.516,96.4
2014-07-14,2.9013,2.5468,96.81
2014-07-15,2.8581,2.5468,96.06
2014-07-16,2.8689,2.526,96.32
2014-07-17,2.8301,2.4458,96.97
2014-07-18,2.8375,2.4809,96.38
2014-07-21,2.8465,2.4674,96.78
2014-07-22,2.8609,2.4601,96.47
2014-07-23,2.861,2.4655,97.09
2014-07-24,2.9027,2.5025,96.23
2014-07-25,2.9926,2.4655,97.42
2014-07-28,2.8691,2.4853,96.68
2014-07-29,2.86,2.4601,96.82
2014-07-30,2.8573,2.5569,95.73
2014-07-31,2.8773,2.5578,95.29
2014-08-01,2.8773,2.4925,94.23
2014-08-04,2.8508,2.4817,94.74
2014-08-05,2.8613,2.4844,94.02
2014-08-06,2.8643,2.4708,94.0
2014-08-07,2.8573,2.4114,94.77
2014-08-08,2.8778,2.4203,94.39
2014-08-11,2.8926,2.4275,94.08
2014-08-12,2.8705,2.4491,92.74
2014-08-13,2.8443,2.4166,93.79
2014-08-14,2.8389,2.4015,91.12
2014-08-15,2.8195,2.3397,92.42
2014-08-18,2.8129,2.3927,90.7
2014-08-19,2.8003,2.3997,90.66
2014-08-20,2.799,2.4264,91.31
2014-08-21,2.7966,2.4068,91.62
2014-08-22,2.7662,2.4024,91.32
2014-08-25,2.771,2.382,91.64
2014-08-26,2.7782,2.3962,91.5
2014-08-27,2.764,2.3573,91.7
2014-08-28,2.7617,2.3361,91.47
2014-08-29,2.7514,2.3431,92.12
2014-09-01,2.751,2.3431,91.76
2014-09-02,2.818,2.4211,89.58
2014-09-03,2.8096,2.3962,91.74
2014-09-04,2.7752,2.4497,90.91
2014-09-05,2.7906,2.4587,90.0
2014-09-08,2.7736,2.4712,89.45
2014-09-09,2.7432,2.5036,88.52
2014-09-10,2.7432,2.5414,87.52
2014-09-11,2.766,2.5496,87.56
2014-09-12,2.762,2.6105,86.69
2014-09-15,2.764,2.5887,86.62
2014-09-16,2.7522,2.5924,87.66
2014-09-17,2.703,2.6198,87.59
2014-09-18,2.724,2.6144,86.46
2014-09-19,2.707,2.5745,87.07
2014-09-22,2.678,2.5636,85.82
2014-09-23,2.679,2.5275,85.71
2014-09-24,2.694,2.5637,85.8
2014-09-25,2.6686,2.5022,85.84
2014-09-26,2.6232,2.5276,85.84
2014-09-29,2.595,2.4771,86.02
2014-09-30,2.638,2.4888,83.78
2014-10-01,2.6257,2.3856,83.33
2014-10-02,2.642,2.425,82.67
2014-10-03,2.61,2.434,81.69
2014-10-06,2.594,2.4196,82.12
2014-10-07,2.59,2.3391,81.51
2014-10-08,2.63,2.3213,80.87
2014-10-09,2.6414,2.3133,79.69
2014-10-10,2.6404,2.2804,79.83
2014-10-13,2.642,2.2804,78.66
2014-10-14,2.614,2.1973,75.15
2014-10-15,2.626,2.1358,74.01
2014-10-16,2.61,2.1559,75.51
2014-10-17,2.636,2.1936,75.81
2014-10-20,2.61,2.1909,75.14
2014-10-21,2.607,2.2217,75.86
2014-10-22,2.597,2.2164,74.53
2014-10-23,2.684,2.2712,76.4
2014-10-24,2.594,2.2685,75.78
2014-10-27,2.6,2.2605,75.52
2014-10-28,2.606,2.296,75.69
2014-10-29,2.61,2.3174,76.65
2014-10-30,2.584,2.3058,75.88
2014-10-31,2.6168,2.3353,75.54
2014-11-03,2.587,2.3425,74.59
2014-11-04,2.5878,2.3335,72.87
2014-11-05,2.593,2.3424,72.98
2014-11-06,2.604,2.3856,72.9
2014-11-07,2.586,2.2976,73.37
2014-11-10,2.585,2.3604,72.44
2014-11-11,2.5839,2.3604,71.96
2014-11-12,2.564,2.3712,70.85
2014-11-13,2.57,2.3399,67.68
2014-11-14,2.554,2.3204,69.35
2014-11-17,2.5141,2.3399,69.27
2014-11-18,2.499,2.3151,68.53
2014-11-19,2.464,2.3594,68.21
2014-11-20,2.469,2.3373,69.28
2014-11-21,2.4917,2.3099,70.18
2014-11-24,2.52,2.3064,69.59
2014-11-25,2.486,2.257,68.41
2014-11-26,2.5005,2.2447,67.9
2014-11-27,2.4696,2.2447,63.39
2014-11-28,2.472,2.164,61.27
2014-12-01,2.462,2.235,63.35
2014-12-02,2.457,2.2923,61.61
2014-12-03,2.4523,2.2799,61.06
2014-12-04,2.459,2.2341,60.82
2014-12-05,2.4124,2.3065,60.32
2014-12-08,2.541,2.257,57.81
2014-12-09,2.52,2.2129,58.37
2014-12-10,2.419,2.1638,56.1
2014-12-11,2.517,2.162,55.62
2014-12-12,2.3726,2.0817,54.02
2014-12-15,2.3592,2.1182,53.2
2014-12-16,2.3904,2.0591,52.16
2014-12-17,2.387,2.1356,53.17
2014-12-18,2.353,2.2075,51.51
2014-12-19,2.402,2.1618,53.35
2014-12-22,2.424,2.1583,52.24
2014-12-23,2.413,2.2614,53.62
2014-12-24,2.338,2.2632,52.36
2014-12-25,2.382,2.2632,
2014-12-26,2.3852,2.2499,51.67
2014-12-29,2.36,2.2021,50.31
2014-12-30,2.3,2.1871,50.32
2014-12-31,2.295,2.1712,49.83
2015-01-01,2.3022,2.1712,
2015-01-02,2.365,2.1105,49.04
2015-01-05,2.32,2.032,46.16
2015-01-06,2.23,1.9402,44.41
2015-01-07,2.243,1.9677,44.46
2015-01-08,2.266,2.0179,44.29
2015-01-09,2.218,1.9449,43.55
2015-01-12,2.19,1.907,41.22
2015-01-13,2.152,1.9,40.48
2015-01-14,2.191,1.8553,42.21
2015-01-15,2.1567,1.7149,40.86
2015-01-16,2.1765,1.8368,42.47
2015-01-19,2.162,1.8368,41.34
2015-01-20,2.18,1.788,40.62
2015-01-21,2.18,1.8717,41.5
2015-01-22,2.214,1.8631,41.07
2015-01-23,2.208,1.7968,41.3
2015-01-26,2.15,1.8241,40.77
2015-01-27,2.15,1.8231,41.99
2015-01-28,2.13,1.7207,41.03
2015-01-29,2.11,1.7512,41.59
2015-01-30,2.116,1.6407,44.85
2015-02-02,2.12,1.6642,46.34
2015-02-03,2.15,1.7915,49.02
2015-02-04,2.21,1.7513,45.84
2015-02-05,2.178,1.8204,47.88
2015-02-06,2.226,1.9567,48.93
2015-02-09,2.17,1.9775,49.38
2015-02-10,2.196,1.9967,47.85
2015-02-11,2.2,2.0176,46.54
2015-02-12,2.165,1.9844,49.34
2015-02-13,2.162,2.0504,51.21
2015-02-16,2.206,2.0504,51.11
2015-02-17,2.22,2.1379,52.05
2015-02-18,2.23,2.08,50.38
2015-02-19,2.271,2.1142,50.12
2015-02-20,2.268,2.1117,50.12
2015-02-23,2.27,2.0574,49.03
2015-02-24,2.28,1.98,48.83
2015-02-25,2.2756,1.9688,51.3
2015-02-26,2.3,2.0295,49.98
2015-02-27,2.321,1.993,52.09
2015-03-02,2.3,2.082,49.56
2015-03-03,2.336,2.1189,50.79
2015-03-04,2.331,2.1172,50.4
2015-03-05,2.32,2.1154,50.34
2015-03-06,2.2938,2.2414,49.72
2015-03-09,2.185,2.1907,48.72
2015-03-10,2.175,2.1297,46.94
2015-03-11,2.16,2.1086,47.89
2015-03-12,2.1723,2.1156,47.51
2015-03-13,2.1934,2.114,45.5
2015-03-16,2.144,2.0717,44.62
2015-03-17,2.18,2.0507,44.26
2015-03-18,2.169,1.9199,46.25
2015-03-19,2.275,1.9685,45.02
2015-03-20,2.2118,1.9303,45.76
2015-03-23,2.1875,1.912,46.26
2015-03-24,2.18,1.8731,45.59
2015-03-25,2.1725,1.925,46.72
2015-03-26,2.206,1.9894,48.96
2015-03-27,2.209,1.9615,46.66
2015-03-30,2.199,1.9475,46.56
2015-03-31,2.226,1.9231,45.59
2015-04-01,2.222,1.8573,47.23
2015-04-02,2.228,1.9117,45.45
2015-04-03,2.236,1.8389,
2015-04-06,2.25,1.8952,48.08
2015-04-07,2.264,1.8848,48.89
2015-04-08,2.234,1.9047,45.95
2015-04-09,2.235,1.9596,46.79
2015-04-10,2.22,1.9473,47.87
2015-04-13,2.199,1.9272,47.94
2015-04-14,2.1835,1.8985,48.57
2015-04-15,2.225,1.888,51.42
2015-04-16,2.249,1.8897,51.95
2015-04-17,2.31,1.8653,51.52
2015-04-20,2.292,1.8896,51.52
2015-04-21,2.276,1.9087,50.41
2015-04-22,2.261,1.9788,50.94
2015-04-23,2.271,1.9577,52.66
2015-04-24,2.29,1.9086,53.01
2015-04-27,2.299,1.9208,52.65
2015-04-28,2.283,2.0034,52.49
2015-04-29,2.296,2.0388,53.47
2015-04-30,2.2935,2.0317,54.23
2015-05-01,2.336,2.1135,53.97
2015-05-04,2.301,2.144,53.96
2015-05-05,2.288,2.1853,54.83
2015-05-06,2.297,2.2431,55.03
2015-05-07,2.273,2.18,53.22
2015-05-08,2.294,2.1478,53.1
2015-05-11,2.273,2.2797,52.71
2015-05-12,2.233,2.2489,54.12
2015-05-13,2.233,2.2926,54.04
2015-05-14,2.2,2.2301,53.58
2015-05-15,2.241,2.1424,53.67
2015-05-18,2.295,2.2337,53.23
2015-05-19,2.3,2.2886,51.42
2015-05-20,2.288,2.2479,52.24
2015-05-21,2.32,2.1898,53.45
2015-05-22,2.307,2.2092,52.51
2015-05-25,2.3,2.2092,52.63
2015-05-26,2.349,2.139,51.18
2015-05-27,2.244,2.1285,49.85
2015-05-28,2.219,2.1355,50.27
2015-05-29,2.22,2.1214,52.66
2015-06-01,2.261,2.1794,52.12
2015-06-02,2.307,2.2624,52.61
2015-06-03,2.289,2.3642,51.25
2015-06-04,2.292,2.307,49.83
2015-06-05,2.296,2.4076,50.85
2015-06-08,2.303,2.3824,50.36
2015-06-09,2.305,2.4384,52.12
2015-06-10,2.309,2.4838,52.77
2015-06-11,2.258,2.3772,52.3
2015-06-12,2.254,2.3918,51.3
2015-06-15,2.319,2.3559,50.76
2015-06-16,2.342,2.3093,50.56
2015-06-17,2.398,2.3165,50.69
2015-06-18,2.356,2.3345,51.0
2015-06-19,2.352,2.2577,50.02
2015-06-22,2.397,2.3725,50.27
2015-06-23,2.469,2.4087,51.15
2015-06-24,2.454,2.3672,50.39
2015-06-25,2.483,2.4088,50.16
2015-06-26,2.442,2.4726,50.21
2015-06-29,2.411,2.3242,49.22
2015-06-30,2.412,2.3531,50.47
2015-07-01,2.424,2.4219,49.22
2015-07-02,2.415,2.3823,49.26
2015-07-03,2.423,2.3823,47.88
2015-07-06,2.44,2.285,44.88
2015-07-07,2.427,2.2582,45.12
2015-07-08,2.352,2.1922,45.28
2015-07-09,2.376,2.3211,46.52
2015-07-10,2.388,2.3972,46.61
2015-07-13,2.44,2.4538,45.92
2015-07-14,2.385,2.401,46.33
2015-07-15,2.422,2.3521,45.1
2015-07-16,2.391,2.3503,44.94
2015-07-17,2.351,2.3469,45.09
2015-07-20,2.35,2.3723,44.73
2015-07-21,2.34,2.3253,45.04
2015-07-22,2.3523,2.3235,44.32
2015-07-23,2.2979,2.2677,43.64
2015-07-24,2.277,2.2624,43.13
2015-07-27,2.2743,2.2175,42.22
2015-07-28,2.289,2.2499,42.09
2015-07-29,2.3069,2.2859,42.15
2015-07-30,2.291,2.2589,42.09
2015-07-31,2.296,2.1801,41.22
2015-08-03,2.346,2.148,39.1
2015-08-04,2.2675,2.2213,39.47
2015-08-05,2.262,2.2699,39.16
2015-08-06,2.196,2.2214,39.1
2015-08-07,2.226,2.1623,38.38
2015-08-10,2.241,2.2269,39.8
2015-08-11,2.202,2.1409,38.83
2015-08-12,2.137,2.148,39.2
2015-08-13,2.176,2.1854,38.77
2015-08-14,2.191,2.1977,38.43
2015-08-17,2.177,2.1678,38.07
2015-08-18,2.195,2.1925,38.13
2015-08-19,2.179,2.1256,36.84
2015-08-20,2.152,2.0679,36.42
2015-08-21,2.136,2.0365,35.51
2015-08-24,2.168,2.0034,33.35
2015-08-25,2.132,2.0714,33.75
2015-08-26,2.163,2.1752,33.7
2015-08-27,2.218,2.1841,37.15
2015-08-28,2.208,2.1807,39.1
2015-08-31,2.232,2.2179,42.3
2015-09-01,2.174,2.1524,38.72
2015-09-02,2.161,2.1843,39.45
2015-09-03,2.103,2.1596,39.59
2015-09-04,2.126,2.1244,38.75
2015-09-07,2.156,2.1244,37.21
2015-09-08,2.138,2.1828,38.68
2015-09-09,2.205,2.2006,37.17
2015-09-10,2.217,2.222,38.19
2015-09-11,2.223,2.1883,37.61
2015-09-14,2.175,2.1831,36.31
2015-09-15,2.152,2.2867,36.62
2015-09-16,2.178,2.294,38.15
2015-09-17,2.252,2.1903,37.64
2015-09-18,2.163,2.1336,36.4
2015-09-21,2.147,2.2012,37.51
2015-09-22,2.107,2.1337,37.64
2015-09-23,2.1255,2.1497,36.62
2015-09-24,2.159,2.1266,36.94
2015-09-25,2.118,2.1623,37.27
2015-09-28,1.917,2.0949,36.3
2015-09-29,1.957,2.0508,36.98
2015-09-30,1.985,2.0368,37.09
2015-10-01,2.062,2.0368,36.57
2015-10-02,2.051,1.9929,36.91
2015-10-05,2.093,2.0562,37.77
2015-10-06,2.123,2.0315,39.81
2015-10-07,2.168,2.0668,39.36
2015-10-08,2.201,2.104,40.68
2015-10-09,2.162,2.0881,40.37
2015-10-12,2.237,2.0881,38.23
2015-10-13,2.138,2.0439,37.81
2015-10-14,2.115,1.9718,37.81
2015-10-15,2.097,2.0175,37.84
2015-10-16,2.074,2.0334,38.39
2015-10-19,2.044,2.0228,36.99
2015-10-20,2.08,2.067,37.06
2015-10-21,2.033,2.0228,36.41
2015-10-22,2.057,2.0263,36.58
2015-10-23,2.126,2.0866,36.52
2015-10-26,2.135,2.0564,36.17
2015-10-27,2.091,2.037,35.62
2015-10-28,2.041,2.1009,37.32
2015-10-29,2.107,2.1725,37.13
2015-10-30,2.117,2.1421,37.71
2015-11-02,2.123,2.1709,37.12
2015-11-03,2.16,2.2105,38.46
2015-11-04,2.148,2.225,36.96
2015-11-05,2.127,2.2323,36.51
2015-11-06,2.177,2.3252,36.08
2015-11-09,2.19,2.3436,35.91
2015-11-10,2.166,2.3419,36.1
2015-11-11,2.184,2.3301,34.98
2015-11-12,2.176,2.3116,33.91
2015-11-13,2.174,2.2658,33.37
2015-11-16,2.1576,2.2676,33.44
2015-11-17,2.165,2.2658,32.7
2015-11-18,2.191,2.2728,33.12
2015-11-19,2.202,2.2482,33.15
2015-11-20,2.229,2.2623,33.52
2015-11-23,2.2555,2.2377,33.64
2015-11-24,2.2263,2.2377,34.61
2015-11-25,2.195,2.2341,34.65
2015-11-26,2.2154,2.2341,34.12
2015-11-27,2.219,2.2201,33.67
2015-11-30,2.231,2.206,33.48
2015-12-01,2.188,2.1431,33.35
2015-12-02,2.189,2.1797,31.89
2015-12-03,2.253,2.3136,32.9
2015-12-04,2.257,2.2693,32.27
2015-12-07,2.217,2.2288,30.57
2015-12-08,2.317,2.2182,30.21
2015-12-09,2.177,2.2164,30.1
2015-12-10,2.124,2.2305,29.82
2015-12-11,2.098,2.127,28.46
2015-12-14,2.104,2.2217,28.35
2015-12-15,2.145,2.2658,28.77
2015-12-16,2.083,2.296,27.77
2015-12-17,2.103,2.2234,27.53
2015-12-18,2.109,2.204,27.39
2015-12-21,2.101,2.1917,27.0
2015-12-22,2.127,2.2357,26.82
2015-12-23,2.168,2.2534,27.75
2015-12-24,2.175,2.241,28.15
2015-12-25,2.1677,2.241,
2015-12-28,2.15,2.2304,27.2
2015-12-29,2.174,2.305,28.07
2015-12-30,2.205,2.2943,27.08
2015-12-31,2.201,2.2694,27.69
2016-01-01,2.208,2.2694,
2016-01-04,2.206,2.2428,27.65
2016-01-05,2.169,2.2357,27.05
2016-01-06,2.214,2.1702,25.43
2016-01-07,2.145,2.1455,25.07
2016-01-08,2.107,2.1156,24.92
2016-01-11,2.027,2.1754,23.44
2016-01-12,2.048,2.1032,22.75
2016-01-13,2.03,2.0927,22.26
2016-01-14,2.017,2.0874,22.7
2016-01-15,1.9448,2.0347,21.27
2016-01-18,1.962,2.0347,20.99
2016-01-19,1.996,2.0556,21.14
2016-01-20,1.896,1.9824,20.5
2016-01-21,1.879,2.0311,21.5
2016-01-22,1.9273,2.0519,23.66
2016-01-25,1.918,2.0012,22.42
2016-01-26,1.92,1.9942,23.38
2016-01-27,1.988,1.9993,24.35
2016-01-28,1.967,1.9784,24.98
2016-01-29,2.0305,1.9209,25.83
2016-02-01,1.977,1.9486,24.58
2016-02-02,2.057,1.8448,23.48
2016-02-03,1.94,1.8861,25.15
2016-02-04,1.928,1.8395,24.73
2016-02-05,1.945,1.8357,24.45
2016-02-08,1.811,1.7483,23.6
2016-02-09,1.811,1.726,21.76
2016-02-10,1.811,1.6681,22.14
2016-02-11,1.83,1.6591,21.58
2016-02-12,1.8654,1.7481,23.94
2016-02-15,1.852,1.7481,23.97
2016-02-16,1.846,1.7723,23.1
2016-02-17,1.879,1.819,24.76
2016-02-18,1.792,1.7396,24.6
2016-02-19,1.8249,1.7449,23.69
2016-02-22,1.836,1.7518,24.9
2016-02-23,1.925,1.7225,23.88
2016-02-24,1.913,1.7484,24.7
2016-02-25,1.925,1.7157,25.33
2016-02-26,1.9225,1.7623,25.19
2016-02-29,1.924,1.7347,26.0
2016-03-01,2.013,1.8249,26.17
2016-03-02,2.037,1.8406,26.25
2016-03-03,2.037,1.8337,26.35
2016-03-04,1.9923,1.8741,27.52
2016-03-07,1.942,1.9057,29.03
2016-03-08,1.88,1.8287,28.19
2016-03-09,1.938,1.876,29.19
2016-03-10,1.907,1.9323,28.47
2016-03-11,1.9663,1.9839,28.71
2016-03-14,2.0,1.9592,28.1
2016-03-15,1.977,1.9699,27.54
2016-03-16,1.993,1.9081,28.67
2016-03-17,1.985,1.8958,29.53
2016-03-18,2.025,1.8732,29.29
2016-03-21,2.103,1.9155,29.53
2016-03-22,2.072,1.9403,29.71
2016-03-23,2.052,1.8786,28.77
2016-03-24,2.036,1.9,28.75
2016-03-25,2.0298,1.9,
2016-03-28,2.024,1.886,28.63
2016-03-29,2.061,1.8035,27.91
2016-03-30,2.09,1.8228,28.05
2016-03-31,2.069,1.7687,28.25
2016-04-01,2.0873,1.7705,27.09
2016-04-04,2.155,1.7618,26.4
2016-04-05,2.092,1.7201,26.53
2016-04-06,2.109,1.7549,27.9
2016-04-07,2.13,1.6889,27.62
2016-04-08,2.0598,1.7167,29.38
2016-04-11,2.044,1.7254,30.0
2016-04-12,2.019,1.7761,31.3
2016-04-13,2.008,1.7639,30.94
2016-04-14,2.0148,1.7919,30.71
2016-04-15,2.0123,1.7518,30.19
2016-04-18,2.041,1.7711,30.06
2016-04-19,2.0623,1.7851,30.84
2016-04-20,2.033,1.845,32.08
2016-04-21,2.061,1.861,31.19
2016-04-22,2.0673,1.8878,31.6
2016-04-25,2.081,1.9128,31.15
2016-04-26,2.031,1.9271,32.04
2016-04-27,2.118,1.8508,32.99
2016-04-28,2.13,1.8243,33.58
2016-04-29,2.1348,1.8333,33.3
2016-05-02,2.108,1.8723,32.21
2016-05-03,2.081,1.7963,31.61
2016-05-04,2.061,1.7752,31.36
2016-05-05,2.079,1.7453,31.64
2016-05-06,2.0326,1.7789,31.89
2016-05-09,2.092,1.7507,30.67
2016-05-10,2.048,1.7613,32.0
2016-05-11,2.029,1.7367,33.46
2016-05-12,2.056,1.7516,33.79
2016-05-13,2.0501,1.7001,33.62
2016-05-16,2.073,1.7533,34.42
2016-05-17,2.063,1.7723,34.64
2016-05-18,2.077,1.8538,34.39
2016-05-19,2.052,1.8487,34.31
2016-05-20,2.0473,1.8384,34.24
2016-05-23,2.004,1.835,33.98
2016-05-24,2.041,1.8629,34.17
2016-05-25,2.073,1.8664,34.96
2016-05-26,2.068,1.8282,34.86
2016-05-27,2.0901,1.851,34.67
2016-05-30,2.087,1.851,34.95
2016-05-31,2.047,1.8458,34.62
2016-06-01,2.044,1.8354,34.51
2016-06-02,2.023,1.7989,34.73
2016-06-03,1.9948,1.7004,34.45
2016-06-06,2.042,1.7367,35.08
2016-06-07,2.019,1.7177,35.7
2016-06-08,2.021,1.7022,36.44
2016-06-09,1.997,1.6867,36.05
2016-06-10,1.965,1.6404,35.08
2016-06-13,1.918,1.6096,34.94
2016-06-14,1.866,1.613,34.58
2016-06-15,1.998,1.572,33.99
2016-06-16,1.845,1.5788,32.75
2016-06-17,1.8373,1.6078,34.12
2016-06-20,1.875,1.6886,35.15
2016-06-21,1.874,1.7059,35.13
2016-06-22,1.917,1.6852,34.62
2016-06-23,2.004,1.7458,35.33
2016-06-24,1.9148,1.5599,33.6
2016-06-27,1.983,1.4377,32.73
2016-06-28,1.859,1.4664,33.75
2016-06-29,1.895,1.5155,35.16
2016-06-30,1.866,1.4697,34.06
2016-07-01,1.8648,1.4441,34.5
2016-07-04,1.888,1.4441,34.33
2016-07-05,1.866,1.375,32.86
2016-07-06,1.905,1.3682,33.44
2016-07-07,1.896,1.385,31.79
2016-07-08,1.8973,1.3579,32.04
2016-07-11,1.891,1.4303,31.69
2016-07-12,1.949,1.51,33.21
2016-07-13,1.93,1.4743,31.7
2016-07-14,1.941,1.5356,32.46
2016-07-15,1.9849,1.5509,32.62
2016-07-18,1.974,1.5818,32.17
2016-07-19,1.9473,1.5526,31.97
2016-07-20,1.977,1.5801,32.32
2016-07-21,1.953,1.556,31.65
2016-07-22,1.9148,1.5663,31.3
2016-07-25,1.922,1.5731,30.64
2016-07-26,1.991,1.5611,30.74
2016-07-27,2.072,1.4976,29.85
2016-07-28,1.975,1.5044,29.38
2016-07-29,1.9648,1.4531,29.59
2016-08-01,1.942,1.5214,28.64
2016-08-02,1.887,1.5558,28.41
2016-08-03,1.92,1.542,29.3
2016-08-04,1.915,1.5008,30.1
2016-08-05,1.947,1.5885,30.09
2016-08-08,2.013,1.592,30.85
2016-08-09,1.953,1.547,30.57
2016-08-10,1.933,1.5074,29.94
2016-08-11,1.944,1.5593,31.29
2016-08-12,1.9301,1.5135,31.93
2016-08-15,1.933,1.5576,32.86
2016-08-16,1.936,1.5746,33.46
2016-08-17,1.961,1.5491,33.88
2016-08-18,1.948,1.5356,34.59
2016-08-19,1.9298,1.5781,34.58
2016-08-22,1.904,1.5424,33.41
2016-08-23,1.956,1.5458,33.96
2016-08-24,1.967,1.5611,33.34
2016-08-25,1.969,1.5731,33.76
2016-08-26,1.9499,1.6296,33.93
2016-08-29,1.931,1.5595,33.46
2016-08-30,1.932,1.5663,32.97
2016-08-31,2.031,1.58,31.73
2016-09-01,1.965,1.5681,30.75
2016-09-02,1.9799,1.6024,31.68
2016-09-05,1.914,1.6024,32.23
2016-09-06,1.967,1.534,31.98
2016-09-07,2.0154,1.5391,32.46
2016-09-08,2.036,1.599,33.82
2016-09-09,1.9998,1.6749,32.48
2016-09-12,1.97,1.6629,32.69
2016-09-13,1.968,1.7271,31.87
2016-09-14,1.9898,1.6976,31.02
2016-09-15,2.006,1.6907,31.52
2016-09-16,1.9973,1.6926,30.97
2016-09-19,1.964,1.7118,31.09
2016-09-20,1.9523,1.6892,31.04
2016-09-21,2.006,1.6511,31.68
2016-09-22,2.006,1.6183,32.24
2016-09-23,2.02,1.6184,31.05
2016-09-26,2.017,1.5839,32.04
2016-09-27,2.056,1.5564,31.1
2016-09-28,1.997,1.5719,32.92
2016-09-29,1.988,1.5599,33.3
2016-09-30,1.9998,1.5944,33.56
2016-10-03,2.062,1.6221,34.02
2016-10-04,2.044,1.6864,34.01
2016-10-05,2.07,1.7021,34.67
2016-10-06,2.09,1.7372,35.11
2016-10-07,2.0565,1.7181,34.72
2016-10-10,2.15,1.7181,35.53
2016-10-11,2.041,1.7638,35.04
2016-10-12,2.149,1.7692,34.64
2016-10-13,2.076,1.7411,34.79
2016-10-14,2.0888,1.7977,34.73
2016-10-17,2.149,1.766,34.45
2016-10-18,2.102,1.7379,34.55
2016-10-19,2.11,1.7432,35.21
2016-10-20,2.12,1.7556,34.35
2016-10-21,2.1025,1.7347,34.62
2016-10-24,2.139,1.7647,34.41
2016-10-25,2.127,1.756,33.96
2016-10-26,2.1718,1.7931,33.42
2016-10-27,2.172,1.8536,33.74
2016-10-28,2.1748,1.8468,33.24
2016-10-31,2.162,1.8255,31.88
2016-11-01,2.171,1.8274,31.57
2016-11-02,2.24,1.8025,30.73
2016-11-03,2.228,1.8115,30.4
2016-11-04,2.131,1.7762,29.89
2016-11-07,2.221,1.8261,30.26
2016-11-08,2.2,1.8547,30.19
2016-11-09,2.358,2.0571,30.4
2016-11-10,2.5,2.1501,30.06
2016-11-11,2.454,2.1501,29.35
2016-11-14,2.452,2.2614,29.14
2016-11-15,2.391,2.2189,30.79
2016-11-16,2.388,2.2225,30.58
2016-11-17,2.482,2.3026,30.49
2016-11-18,2.476,2.3548,30.73
2016-11-21,2.468,2.3154,32.07
2016-11-22,2.503,2.3119,32.21
2016-11-23,2.471,2.3498,32.1
2016-11-24,2.468,2.3498,32.13
2016-11-25,2.4413,2.3572,30.98
2016-11-28,2.395,2.3124,31.6
2016-11-29,2.395,2.291,30.39
2016-11-30,2.4758,2.3809,33.29
2016-12-01,2.556,2.4481,34.64
2016-12-02,2.521,2.3831,34.97
2016-12-05,2.454,2.3941,35.28
2016-12-06,2.509,2.3887,34.63
2016-12-07,2.495,2.3401,34.04
2016-12-08,2.46,2.4071,34.61
2016-12-09,2.4757,2.4675,34.89
2016-12-12,2.501,2.4712,35.76
2016-12-13,2.44,2.4713,35.78
2016-12-14,2.459,2.5707,34.61
2016-12-15,2.3911,2.5967,34.69
2016-12-16,2.3688,2.5916,35.46
2016-12-19,2.381,2.5382,35.27
2016-12-20,2.379,2.5586,35.55
2016-12-21,2.402,2.5348,34.97
2016-12-22,2.445,2.5515,35.35
2016-12-23,2.453,2.5373,35.42
2016-12-26,2.459,2.5373,
2016-12-27,2.491,2.5596,36.01
2016-12-28,2.48,2.508,36.1
2016-12-29,2.403,2.475,36.03
2016-12-30,2.4211,2.4443,36.01
2017-01-02,2.413,2.4443,
2017-01-03,2.554,2.4444,35.15
2017-01-04,2.539,2.439,35.78
2017-01-05,2.609,2.3443,36.05
2017-01-06,2.4123,2.4193,36.18
2017-01-09,2.385,2.3647,34.82
2017-01-10,2.487,2.3757,33.99
2017-01-11,2.426,2.3721,34.92
2017-01-12,2.421,2.3631,35.49
2017-01-13,2.415,2.3964,35.14
2017-01-16,2.426,2.3964,35.4
2017-01-17,2.476,2.3253,35.15
2017-01-18,2.417,2.4296,34.17
2017-01-19,2.473,2.4739,34.32
2017-01-20,2.443,2.4668,35.16
2017-01-23,2.55,2.3971,35.0
2017-01-24,2.452,2.4652,35.13
2017-01-25,2.495,2.5116,34.9
2017-01-26,2.518,2.5043,35.64
2017-01-27,2.475,2.4843,35.18
2017-01-30,2.517,2.4881,34.94
2017-01-31,2.518,2.4531,35.11
2017-02-01,2.486,2.4699,35.88
2017-02-02,2.424,2.4737,35.73
2017-02-03,2.4174,2.4648,35.88
2017-02-06,2.374,2.4077,35.2
2017-02-07,2.439,2.3931,34.77
2017-02-08,2.384,2.3363,34.82
2017-02-09,2.421,2.3948,35.14
2017-02-10,2.4094,2.4073,35.81
2017-02-13,2.458,2.4358,35.11
2017-02-14,2.424,2.4698,35.35
2017-02-15,2.445,2.4932,35.21
2017-02-16,2.378,2.4467,35.15
2017-02-17,2.4008,2.4147,35.25
2017-02-20,2.4335,2.4147,35.49
2017-02-21,2.404,2.429,35.79
2017-02-22,2.409,2.4129,35.27
2017-02-23,2.447,2.372,35.74
2017-02-24,2.3664,2.3117,35.37
2017-02-27,2.385,2.365,35.43
2017-02-28,2.386,2.3899,35.49
2017-03-01,2.392,2.4526,35.4
2017-03-02,2.386,2.4779,34.59
2017-03-03,2.3555,2.478,35.11
2017-03-06,2.38,2.4997,35.18
2017-03-07,2.375,2.5179,35.12
2017-03-08,2.361,2.5597,33.36
2017-03-09,2.373,2.6053,32.78
2017-03-10,2.3978,2.5745,32.26
2017-03-13,2.46,2.6258,32.25
2017-03-14,2.417,2.6002,31.98
2017-03-15,2.4351,2.493,32.54
2017-03-16,2.494,2.5402,32.5
2017-03-17,2.4099,2.5005,32.51
2017-03-20,2.522,2.4607,32.42
2017-03-21,2.371,2.4175,32.01
2017-03-22,2.395,2.405,31.8
2017-03-23,2.396,2.4194,31.75
2017-03-24,2.3915,2.4123,31.91
2017-03-27,2.401,2.3782,31.87
2017-03-28,2.407,2.4178,32.24
2017-03-29,2.368,2.3765,32.94
2017-03-30,2.382,2.4197,33.31
2017-03-31,2.3936,2.3874,33.56
2017-04-03,2.465,2.3193,33.3
2017-04-04,2.403,2.3605,33.96
2017-04-05,2.481,2.3354,34.08
2017-04-06,2.386,2.3408,34.41
2017-04-07,2.3699,2.3822,34.63
2017-04-10,2.352,2.3661,35.1
2017-04-11,2.379,2.2962,35.25
2017-04-12,2.312,2.2392,35.02
2017-04-13,2.3684,2.2374,35.04
2017-04-14,2.3798,2.2374,
2017-04-17,2.355,2.2498,34.71
2017-04-18,2.395,2.1682,34.41
2017-04-19,2.33,2.2143,33.18
2017-04-20,2.304,2.232,33.22
2017-04-21,2.2773,2.248,32.58
2017-04-24,2.321,2.273,32.35
2017-04-25,2.392,2.3322,32.66
2017-04-26,2.41,2.3035,32.57
2017-04-27,2.3924,2.2946,32.2
2017-04-28,2.4043,2.2802,32.34
2017-05-01,2.391,2.318,32.01
2017-05-02,2.445,2.2803,31.35
2017-05-03,2.356,2.318,31.56
2017-05-04,2.338,2.3541,30.06
2017-05-05,2.3314,2.3487,30.51
2017-05-08,2.325,2.3868,30.66
2017-05-09,2.321,2.3977,30.28
2017-05-10,2.29,2.4141,31.2
2017-05-11,2.309,2.3874,31.55
2017-05-12,2.3044,2.3257,31.59
2017-05-15,2.277,2.3433,32.2
2017-05-16,2.272,2.3257,32.09
2017-05-17,2.242,2.2243,32.44
2017-05-18,2.264,2.2294,32.63
2017-05-19,2.2899,2.2346,33.31
2017-05-22,2.27,2.2537,33.47
2017-05-23,2.2663,2.2799,33.65
2017-05-24,2.2373,2.2502,33.53
2017-05-25,2.2401,2.2554,31.97
2017-05-26,2.2475,2.2465,32.4
2017-05-29,2.156,2.2465,32.48
2017-05-30,2.247,2.2098,32.24
2017-05-31,2.24,2.2028,31.32
2017-06-01,2.2462,2.2114,31.24
2017-06-02,2.2213,2.1591,30.82
2017-06-05,2.2063,2.1817,30.53
2017-06-06,2.1754,2.1451,30.93
2017-06-07,2.1882,2.1729,29.66
2017-06-08,2.2115,2.1885,29.53
2017-06-09,2.2224,2.2005,29.71
2017-06-12,2.183,2.2145,29.8
2017-06-13,2.192,2.2109,30.06
2017-06-14,2.157,2.1256,29.0
2017-06-15,2.1368,2.1637,28.95
2017-06-16,2.1238,2.1514,29.23
2017-06-19,2.1286,2.1879,28.95
2017-06-20,2.1175,2.1565,28.4
2017-06-21,2.1386,2.1634,27.66
2017-06-22,2.1661,2.1477,27.9
2017-06-23,2.1687,2.1423,28.1
2017-06-26,2.2018,2.137,28.28
2017-06-27,2.204,2.2051,28.79
2017-06-28,2.2339,2.2279,29.17
2017-06-29,2.2237,2.2666,29.22
2017-06-30,2.259,2.3037,29.92
2017-07-03,2.2238,2.3499,30.48
2017-07-04,2.234,2.3499,30.44
2017-07-05,2.246,2.3232,29.32
2017-07-06,2.2478,2.3659,29.52
2017-07-07,2.25,2.3856,28.66
2017-07-10,2.216,2.373,28.76
2017-07-11,2.25,2.3605,29.16
2017-07-12,2.2449,2.3177,29.29
2017-07-13,2.257,2.3444,29.71
2017-07-14,2.2366,2.3319,30.01
2017-07-17,2.2665,2.3141,29.71
2017-07-18,2.2484,2.259,29.97
2017-07-19,2.258,2.2696,30.49
2017-07-20,2.2163,2.2589,30.25
2017-07-21,2.2068,2.2375,29.49
2017-07-24,2.244,2.2552,29.82
2017-07-25,2.259,2.3354,30.8
2017-07-26,2.2499,2.2872,31.27
2017-07-27,2.272,2.3103,31.59
2017-07-28,2.2677,2.2889,32.22
2017-07-31,2.27,2.2942,32.53
2017-08-01,2.2513,2.2532,31.95
2017-08-02,2.2464,2.271,32.31
2017-08-03,2.223,2.2212,32.09
2017-08-04,2.2536,2.262,32.35
2017-08-07,2.2723,2.253,32.32
2017-08-08,2.3088,2.2619,32.17
2017-08-09,2.272,2.2476,32.52
2017-08-10,2.2645,2.1975,32.03
2017-08-11,2.2487,2.1888,32.15
2017-08-14,2.23,2.2185,31.3
2017-08-15,2.2434,2.2728,31.35
2017-08-16,2.2586,2.222,31.02
2017-08-17,2.2365,2.1853,31.49
2017-08-18,2.2529,2.1939,32.53
2017-08-21,2.239,2.1817,31.88
2017-08-22,2.241,2.2131,32.01
2017-08-23,2.2224,2.166,32.44
2017-08-24,2.2326,2.1939,32.11
2017-08-25,2.2243,2.1659,32.34
2017-08-28,2.2365,2.1571,32.02
2017-08-29,2.2173,2.1292,32.17
2017-08-30,2.2174,2.1309,31.59
2017-08-31,2.233,2.117,32.92
2017-09-01,2.2478,2.1657,32.85
2017-09-04,2.248,2.1657,32.59
2017-09-05,2.2288,2.0596,33.24
2017-09-06,2.2411,2.1046,33.75
2017-09-07,2.2348,2.0387,33.93
2017-09-08,2.2548,2.0507,33.49
2017-09-11,2.2824,2.1306,33.53
2017-09-12,2.2825,2.1672,33.79
2017-09-13,2.2847,2.1883,34.35
2017-09-14,2.3236,2.1847,34.54
2017-09-15,2.3181,2.2023,34.63
2017-09-18,2.2832,2.2287,34.55
2017-09-19,2.3138,2.2446,34.34
2017-09-20,2.3201,2.2676,35.05
2017-09-21,2.2618,2.2765,35.14
2017-09-22,2.2695,2.2499,35.41
2017-09-25,2.2438,2.2198,36.75
2017-09-26,2.2513,2.2357,36.39
2017-09-27,2.2726,2.3103,36.17
2017-09-28,2.2942,2.3085,35.91
2017-09-29,2.28,2.3336,35.68
2017-10-02,2.2623,2.3408,35.26
2017-10-03,2.2263,2.3229,35.18
2017-10-04,2.3115,2.3229,35.06
2017-10-05,2.2431,2.348,35.81
2017-10-06,2.2687,2.3589,34.95
2017-10-09,2.2208,2.3589,35.05
2017-10-10,2.2737,2.3607,35.57
2017-10-11,2.2813,2.3481,35.78
2017-10-12,2.242,2.3177,35.34
2017-10-13,2.2738,2.273,35.92
2017-10-16,2.2924,2.3034,36.33
2017-10-17,2.2462,2.2998,36.37
2017-10-18,2.2688,2.3465,36.54
2017-10-19,2.208,2.3178,35.96
2017-10-20,2.2826,2.3845,36.28
2017-10-23,2.2765,2.3664,36.05
2017-10-24,2.2875,2.4189,36.65
2017-10-25,2.299,2.4317,36.72
2017-10-26,2.3088,2.4609,37.26
2017-10-27,2.3037,2.4064,37.97
2017-10-30,2.2647,2.3684,38.26
2017-10-31,2.2375,2.3793,38.49
2017-11-01,2.2563,2.3721,38.2
2017-11-02,2.2415,2.345,38.28
2017-11-03,2.2325,2.3325,39.2
2017-11-06,2.2424,2.3163,40.59
2017-11-07,2.243,2.3145,40.22
2017-11-08,2.2604,2.3343,40.1
2017-11-09,2.2738,2.3416,40.37
2017-11-10,2.2888,2.3984,40.12
2017-11-13,2.2962,2.4055,39.89
2017-11-14,2.2842,2.3717,39.29
2017-11-15,2.2179,2.3222,39.07
2017-11-16,2.2563,2.3753,38.75
2017-11-17,2.2251,2.3435,39.61
2017-11-20,2.2513,2.3666,39.29
2017-11-21,2.2328,2.3559,39.52
2017-11-22,2.2542,2.3187,39.99
2017-11-23,2.261,2.3187,40.13
2017-11-24,2.24,2.3418,40.33
2017-11-27,2.2575,2.3277,40.32
2017-11-28,2.2663,2.3277,40.23
2017-11-29,2.3117,2.3882,39.78
2017-11-30,2.312,2.4097,39.84
2017-12-01,2.3135,2.3615,40.54
2017-12-04,2.3301,2.3723,39.73
2017-12-05,2.3026,2.3509,39.99
2017-12-06,2.2885,2.3385,38.94
2017-12-07,2.2962,2.3634,39.57
2017-12-08,2.295,2.376,40.33
2017-12-11,2.2925,2.3886,41.15
2017-12-12,2.338,2.4011,40.29
2017-12-13,2.2704,2.3422,39.72
2017-12-14,2.288,2.3493,40.27
2017-12-15,2.2775,2.353,40.22
2017-12-18,2.309,2.3942,40.34
2017-12-19,2.2782,2.4644,40.58
2017-12-20,2.2947,2.497,41.07
2017-12-21,2.3125,2.4826,41.28
2017-12-22,2.3319,2.481,41.51
2017-12-25,2.336,2.481,
2017-12-26,2.3248,2.4756,42.62
2017-12-27,2.3225,2.4107,42.31
2017-12-28,2.3071,2.4305,42.42
2017-12-29,2.335,2.4054,42.88
2018-01-01,2.3605,2.4054,
2018-01-02,2.319,2.4633,42.69
2018-01-03,2.3537,2.4471,43.5
2018-01-04,2.3557,2.4525,43.65
2018-01-05,2.3661,2.4763,43.36
2018-01-08,2.3377,2.48,43.46
2018-01-09,2.3512,2.553,44.13
2018-01-10,2.336,2.5568,44.37
2018-01-11,2.3185,2.5367,44.41
2018-01-12,2.2728,2.5462,44.8
2018-01-15,2.289,2.5462,45.05
2018-01-16,2.3065,2.5371,44.34
2018-01-17,2.3245,2.5904,44.49
2018-01-18,2.3977,2.6256,44.44
2018-01-19,2.4154,2.6592,43.99
2018-01-22,2.4128,2.65,44.26
2018-01-23,2.3832,2.6131,44.86
2018-01-24,2.3775,2.6465,45.23
2018-01-25,2.42,2.617,45.16
2018-01-26,2.3937,2.6599,45.22
2018-01-29,2.3854,2.6936,44.61
2018-01-30,2.4139,2.7199,44.17
2018-01-31,2.4736,2.705,44.41
2018-02-01,2.4098,2.7896,44.9
2018-02-02,2.4023,2.8411,44.21
2018-02-05,2.4424,2.7056,43.59
2018-02-06,2.428,2.8016,43.1
2018-02-07,2.4098,2.8359,42.23
2018-02-08,2.498,2.824,41.78
2018-02-09,2.4525,2.8512,40.48
2018-02-12,2.4113,2.8585,40.35
2018-02-13,2.3863,2.8294,40.43
2018-02-14,2.4348,2.9022,41.49
2018-02-15,2.411,2.9095,41.47
2018-02-16,2.3873,2.8749,41.8
2018-02-19,2.383,2.8749,42.33
2018-02-20,2.3597,2.8896,42.06
2018-02-21,2.4288,2.95,42.17
2018-02-22,2.4272,2.9207,42.8
2018-02-23,2.3617,2.866,43.39
2018-02-26,2.4162,2.8623,43.55
2018-02-27,2.3613,2.8934,43.05
2018-02-28,2.3976,2.8606,41.89
2018-03-01,2.3812,2.8078,41.31
2018-03-02,2.4065,2.8643,41.66
2018-03-05,2.4125,2.8808,42.42
2018-03-06,2.3875,2.8863,42.58
2018-03-07,2.3789,2.8827,41.64
2018-03-08,2.401,2.8571,41.17
2018-03-09,2.3793,2.8938,42.39
2018-03-12,2.4386,2.8681,42.04
2018-03-13,2.3853,2.8426,41.84
2018-03-14,2.3515,2.817,42.0
2018-03-15,2.373,2.828,42.15
2018-03-16,2.3875,2.8445,42.85
2018-03-19,2.3915,2.8555,42.75
2018-03-20,2.3931,2.8959,43.63
2018-03-21,2.354,2.883,44.96
2018-03-22,2.4242,2.8244,44.6
2018-03-23,2.3619,2.8135,45.6
2018-03-26,2.4068,2.852,45.38
2018-03-27,2.3526,2.7753,45.34
2018-03-28,2.3472,2.7807,44.89
2018-03-29,2.3512,2.7389,45.26
2018-03-30,2.332,2.7389,
2018-04-02,2.3299,2.7298,44.15
2018-04-03,2.3957,2.7753,44.47
2018-04-04,2.3925,2.8027,44.4
2018-04-05,2.4402,2.832,44.61
2018-04-06,2.3974,2.7735,43.81
2018-04-09,2.361,2.779,44.81
2018-04-10,2.3999,2.8009,46.37
2018-04-11,2.3901,2.7808,47.04
2018-04-12,2.4455,2.8358,47.01
2018-04-13,2.4436,2.8267,47.38
2018-04-16,2.4337,2.8267,46.62
2018-04-17,2.4578,2.8285,46.73
2018-04-18,2.4375,2.8728,47.97
2018-04-19,2.4338,2.9098,48.16
2018-04-20,2.5007,2.9602,48.35
2018-04-23,2.4587,2.9752,48.77
2018-04-24,2.4466,2.9995,48.22
2018-04-25,2.4463,3.0259,48.31
2018-04-26,2.4927,2.9809,48.79
2018-04-27,2.4563,2.9568,48.72
2018-04-30,2.4621,2.9531,49.32
2018-05-01,2.4495,2.9644,48.29
2018-05-02,2.4574,2.9663,48.44
2018-05-03,2.445,2.9458,48.61
2018-05-04,2.4476,2.9497,49.44
2018-05-07,2.44,2.9497,50.3
2018-05-08,2.4061,2.976,49.42
2018-05-09,2.4194,3.0042,50.98
2018-05-10,2.4551,2.9622,51.15
2018-05-11,2.4362,2.9695,50.92
2018-05-14,2.4188,3.0024,51.66
2018-05-15,2.4375,3.0723,51.79
2018-05-16,2.4544,3.0964,52.35
2018-05-17,2.4625,3.1112,52.36
2018-05-18,2.4344,3.0559,51.84
2018-05-21,2.4175,3.0596,52.31
2018-05-22,2.4238,3.0597,52.54
2018-05-23,2.4075,2.9935,52.69
2018-05-24,2.3989,2.977,52.03
2018-05-25,2.3976,2.9313,50.47
2018-05-28,2.385,2.9313,49.72
2018-05-29,2.3838,2.781,49.83
2018-05-30,2.3774,2.855,51.31
2018-05-31,2.3875,2.8586,51.2
2018-06-01,2.4023,2.9022,50.69
2018-06-04,2.4375,2.9424,49.7
2018-06-05,2.4463,2.9277,49.76
2018-06-06,2.4663,2.9717,49.75
2018-06-07,2.4495,2.9204,51.04
2018-06-08,2.4337,2.9461,50.47
2018-06-11,2.4425,2.9516,50.47
2018-06-12,2.4512,2.9608,50.09
2018-06-13,2.4532,2.9663,50.66
2018-06-14,2.425,2.9351,50.13
2018-06-15,2.4325,2.9205,48.48
2018-06-18,2.4439,2.9169,49.73
2018-06-19,2.4326,2.8967,49.56
2018-06-20,2.4324,2.9389,49.34
2018-06-21,2.4363,2.8967,48.22
2018-06-22,2.4343,2.8949,49.87
2018-06-25,2.435,2.8803,49.33
2018-06-26,2.4245,2.8766,50.38
2018-06-27,2.42,2.8256,51.25
2018-06-28,2.4351,2.8365,51.35
2018-06-29,2.3993,2.8601,52.42
2018-07-02,2.3933,2.8711,51.14
2018-07-03,2.4262,2.8309,51.45
2018-07-04,2.4497,2.8309,51.76
2018-07-05,2.4224,2.8291,51.2
2018-07-06,2.4212,2.8217,51.02
2018-07-09,2.4063,2.8564,51.65
2018-07-10,2.4126,2.8491,52.17
2018-07-11,2.4061,2.8491,48.56
2018-07-12,2.4198,2.8454,49.26
2018-07-13,2.3875,2.8271,49.84
2018-07-16,2.435,2.8582,47.53
2018-07-17,2.4594,2.86,47.74
2018-07-18,2.4045,2.8692,48.23
2018-07-19,2.384,2.838,48.02
2018-07-20,2.4099,2.8931,48.34
2018-07-23,2.4338,2.9541,48.34
2018-07-24,2.449,2.9486,48.59
2018-07-25,2.449,2.9746,48.91
2018-07-26,2.4376,2.9764,49.32
2018-07-27,2.4411,2.9542,49.15
2018-07-30,2.4444,2.9728,49.67
2018-07-31,2.449,2.9598,48.79
2018-08-01,2.4712,3.0064,47.59
2018-08-02,2.4154,2.9859,48.29
2018-08-03,2.4523,2.9488,48.13
2018-08-06,2.4437,2.9395,48.49
2018-08-07,2.4562,2.973,49.08
2018-08-08,2.4488,2.96,47.52
2018-08-09,2.4438,2.9258,47.38
2018-08-10,2.4099,2.8732,47.87
2018-08-13,2.4126,2.8786,47.74
2018-08-14,2.4147,2.8985,47.64
2018-08-15,2.4364,2.8623,46.52
2018-08-16,2.4023,2.8659,46.96
2018-08-17,2.3962,2.8605,47.22
2018-08-20,2.3837,2.819,47.47
2018-08-21,2.4062,2.8298,47.75
2018-08-22,2.3994,2.8189,49.16
2018-08-23,2.3565,2.8261,49.13
2018-08-24,2.4055,2.8098,49.85
2018-08-27,2.3759,2.8459,50.1
2018-08-28,2.4213,2.8804,49.93
2018-08-29,2.4323,2.884,50.7
2018-08-30,2.3923,2.855,51.07
2018-08-31,2.3976,2.8604,50.82
2018-09-03,2.4095,2.8604,51.15
2018-09-04,2.3963,2.8985,51.16
2018-09-05,2.4109,2.9022,50.57
2018-09-06,2.4013,2.8731,50.07
2018-09-07,2.3954,2.9388,50.29
2018-09-10,2.3913,2.9314,50.64
2018-09-11,2.4075,2.9755,51.75
2018-09-12,2.3962,2.9626,52.19
2018-09-13,2.4247,2.97,51.17
2018-09-14,2.395,2.9959,51.11
2018-09-17,2.3975,2.9867,51.09
2018-09-18,2.4213,3.0551,51.73
2018-09-19,2.4413,3.0626,51.97
2018-09-20,2.4821,3.0626,51.51
2018-09-21,2.4861,3.0628,51.58
2018-09-24,2.4494,3.0889,53.15
2018-09-25,2.4859,3.0964,53.59
2018-09-26,2.449,3.048,53.28
2018-09-27,2.4188,3.0518,53.66
2018-09-28,2.4485,3.0612,54.56
2018-10-01,2.417,3.0836,56.04
2018-10-02,2.3954,3.0631,55.92
2018-10-03,2.4337,3.1813,56.9
2018-10-04,2.4255,3.187,55.77
2018-10-05,2.4043,3.2328,55.5
2018-10-08,2.427,3.2328,55.33
2018-10-09,2.4424,3.2063,56.05
2018-10-10,2.4417,3.1629,54.79
2018-10-11,2.4136,3.1498,52.93
2018-10-12,2.4038,3.1613,53.04
2018-10-15,2.4165,3.1557,53.27
2018-10-16,2.396,3.1633,53.68
2018-10-17,2.3995,3.205,52.79
2018-10-18,2.3949,3.1786,52.29
2018-10-19,2.3987,3.1921,52.61
2018-10-22,2.3929,3.1978,52.64
2018-10-23,2.3715,3.1676,50.41
2018-10-24,2.3704,3.1035,50.23
2018-10-25,2.33,3.1167,50.7
2018-10-26,2.3474,3.0755,51.19
2018-10-29,2.3865,3.0849,50.99
2018-10-30,2.2932,3.1227,50.06
2018-10-31,2.3519,3.1435,49.46
2018-11-01,2.314,3.1303,48.04
2018-11-02,2.3324,3.2121,48.0
2018-11-05,2.324,3.2008,48.23
2018-11-06,2.3175,3.2276,47.54
2018-11-07,2.3387,3.2355,47.5
2018-11-08,2.356,3.2373,46.57
2018-11-09,2.3562,3.1819,46.26
2018-11-12,2.377,3.1819,46.22
2018-11-13,2.3781,3.1397,43.15
2018-11-14,2.368,3.125,43.58
2018-11-15,2.3418,3.1103,43.91
2018-11-16,2.3264,3.0628,44.0
2018-11-19,2.2838,3.0628,44.02
2018-11-20,2.2738,3.0628,41.21
2018-11-21,2.2974,3.0627,41.84
2018-11-22,2.277,3.0627,41.26
2018-11-23,2.3049,3.039,38.75
2018-11-26,2.287,3.0535,39.86
2018-11-27,2.3017,3.0572,39.68
2018-11-28,2.3155,3.059,38.82
2018-11-29,2.3319,3.0298,39.36
2018-11-30,2.3353,2.9879,39.07
2018-12-03,2.369,2.9697,40.53
2018-12-04,2.293,2.9136,40.79
2018-12-05,2.323,2.9136,40.45
2018-12-06,2.3151,2.8955,39.46
2018-12-07,2.3074,2.845,40.52
2018-12-10,2.2749,2.8575,39.4
2018-12-11,2.3076,2.879,39.55
2018-12-12,2.2862,2.9096,39.52
2018-12-13,2.2787,2.9131,40.37
2018-12-14,2.2302,2.8895,39.61
2018-12-17,2.222,2.857,39.17
2018-12-18,2.2275,2.8175,36.96
2018-12-19,2.196,2.7548,37.61
2018-12-20,2.1921,2.8065,35.71
2018-12-21,2.2205,2.7902,35.36
2018-12-24,2.2049,2.7383,33.16
2018-12-25,2.18,2.7383,
2018-12-26,2.2082,2.8079,35.77
2018-12-27,2.1712,2.7666,34.44
2018-12-28,2.1596,2.7182,34.75
2018-12-31,2.1347,2.6842,35.14
2019-01-01,2.123,2.6842,
2019-01-02,2.092,2.6204,35.86
2019-01-03,2.0644,2.5535,36.54
2019-01-04,2.1124,2.6677,37.27
2019-01-07,2.1372,2.696,37.44
2019-01-08,2.1725,2.728,38.35
2019-01-09,2.1794,2.71,40.13
2019-01-10,2.1748,2.7421,40.29
2019-01-11,2.1888,2.7007,39.5
2019-01-14,2.185,2.7024,38.53
2019-01-15,2.2282,2.7112,39.61
2019-01-16,2.1747,2.7218,40.05
2019-01-17,2.203,2.7504,39.96
2019-01-18,2.2235,2.7842,40.95
2019-01-21,2.1535,2.7842,40.98
2019-01-22,2.2005,2.7392,40.17
2019-01-23,2.182,2.7409,39.93
2019-01-24,2.1529,2.7157,39.9
2019-01-25,2.1587,2.7585,40.26
2019-01-28,2.1612,2.744,39.14
2019-01-29,2.16,2.7098,40.05
2019-01-30,2.206,2.6775,40.27
2019-01-31,2.2439,2.6293,39.82
2019-02-01,2.2787,2.6842,41.07
2019-02-04,2.2618,2.7235,40.91
2019-02-05,2.2513,2.6983,40.56
2019-02-06,2.2463,2.6946,41.03
2019-02-07,2.2225,2.6572,40.33
2019-02-08,2.1825,2.6339,40.64
2019-02-11,2.1812,2.6536,40.26
2019-02-12,2.1884,2.6877,40.85
2019-02-13,2.1948,2.7021,41.63
2019-02-14,2.1975,2.6536,42.26
2019-02-15,2.1937,2.6626,43.36
2019-02-18,2.1603,2.6626,43.52
2019-02-19,2.1948,2.6339,43.49
2019-02-20,2.2198,2.6447,43.9
2019-02-21,2.2449,2.6914,43.89
2019-02-22,2.2401,2.6518,43.93
2019-02-25,2.2676,2.6626,42.38
2019-02-26,2.2567,2.6357,42.68
2019-02-27,2.28,2.6825,43.47
2019-02-28,2.2894,2.715,43.3
2019-03-01,2.3062,2.7531,42.49
2019-03-04,2.297,2.7223,42.88
2019-03-05,2.2926,2.7169,43.0
2019-03-06,2.2754,2.6934,43.09
2019-03-07,2.2658,2.6393,43.29
2019-03-08,2.2275,2.6285,42.92
2019-03-11,2.2499,2.6393,43.47
2019-03-12,2.2425,2.6015,43.53
2019-03-13,2.26,2.6213,44.11
2019-03-14,2.289,2.6303,43.9
2019-03-15,2.2896,2.5871,43.85
2019-03-18,2.3084,2.6033,44.1
2019-03-19,2.3,2.6123,44.15
2019-03-20,2.2847,2.5263,44.73
2019-03-21,2.2986,2.5369,44.31
2019-03-22,2.2647,2.439,43.77
2019-03-25,2.221,2.3983,43.88
2019-03-26,2.2205,2.423,44.38
2019-03-27,2.206,2.3665,44.26
2019-03-28,2.228,2.3946,44.16
2019-03-29,2.2368,2.405,44.48
2019-04-01,2.242,2.5009,45.42
2019-04-02,2.2399,2.4741,45.66
2019-04-03,2.2549,2.5241,45.62
2019-04-04,2.2513,2.5151,45.68
2019-04-05,2.26,2.4954,46.3
2019-04-08,2.285,2.5222,46.8
2019-04-09,2.2761,2.5006,46.47
2019-04-10,2.2875,2.4649,47.21
2019-04-11,2.2934,2.497,46.62
2019-04-12,2.2999,2.5651,47.09
2019-04-15,2.2905,2.5543,46.85
2019-04-16,2.287,2.5904,47.2
2019-04-17,2.2775,2.594,47.14
2019-04-18,2.2606,2.5596,47.37
2019-04-19,2.286,2.5596,
2019-04-22,2.3074,2.5885,48.73
2019-04-23,2.2986,2.565,49.04
2019-04-24,2.2988,2.5181,49.08
2019-04-25,2.313,2.5325,48.93
2019-04-26,2.3137,2.4982,47.49
2019-04-29,2.3041,2.5252,47.43
2019-04-30,2.2783,2.5018,47.77
2019-05-01,2.24,2.4999,47.85
2019-05-02,2.2364,2.5414,46.9
2019-05-03,2.2572,2.525,46.97
2019-05-06,2.2459,2.4692,47.23
2019-05-07,2.2091,2.4566,46.33
2019-05-08,2.2059,2.4835,46.65
2019-05-09,2.2021,2.4423,46.66
2019-05-10,2.2189,2.4672,46.82
2019-05-13,2.1981,2.4015,46.56
2019-05-14,2.1999,2.4104,47.23
2019-05-15,2.1704,2.3732,47.58
2019-05-16,2.16,2.3944,48.14
2019-05-17,2.1464,2.3909,47.87
2019-05-20,2.1588,2.4157,47.71
2019-05-21,2.1905,2.4264,47.85
2019-05-22,2.155,2.382,47.06
2019-05-23,2.136,2.3185,44.92
2019-05-24,2.1518,2.3202,45.54
2019-05-27,2.19,2.3202,46.48
2019-05-28,2.1149,2.2658,46.48
2019-05-29,2.122,2.2605,45.94
2019-05-30,2.1134,2.2133,44.22
2019-05-31,2.1119,2.1246,41.96
2019-06-03,2.1053,2.071,41.48
2019-06-04,2.1186,2.1296,41.94
2019-06-05,2.151,2.1348,41.04
2019-06-06,2.096,2.1174,41.74
2019-06-07,2.0649,2.0809,42.84
2019-06-10,2.0601,2.1484,42.16
2019-06-11,2.07,2.1431,42.16
2019-06-12,2.0711,2.1205,40.59
2019-06-13,2.0459,2.0945,41.5
2019-06-14,2.0057,2.0804,41.97
2019-06-17,1.9129,2.0942,41.25
2019-06-18,1.988,2.0595,42.06
2019-06-19,2.028,2.0233,41.84
2019-06-20,2.0761,2.0284,43.62
2019-06-21,2.0682,2.054,44.13
2019-06-24,2.0648,2.0143,43.9
2019-06-25,2.0515,1.985,44.03
2019-06-26,2.0653,2.0468,44.99
2019-06-27,2.0499,2.014,44.98
2019-06-28,2.0485,2.0051,44.34
2019-07-01,2.0549,2.024,44.56
2019-07-02,2.0099,1.974,42.74
2019-07-03,1.9988,1.9498,43.71
2019-07-04,2.018,1.9498,43.36
2019-07-05,2.0224,2.0338,43.99
2019-07-08,2.0487,2.0476,43.91
2019-07-09,2.0588,2.0648,43.95
2019-07-10,2.0812,2.0613,45.9
2019-07-11,2.0886,2.1378,45.56
2019-07-12,2.1123,2.1219,45.7
2019-07-15,2.1164,2.0887,45.54
2019-07-16,2.1356,2.1026,44.08
2019-07-17,2.0936,2.0451,43.6
2019-07-18,2.09,2.0242,42.42
2019-07-19,2.1166,2.0552,42.79
2019-07-22,2.0918,2.0464,43.33
2019-07-23,2.1225,2.0812,43.72
2019-07-24,2.1517,2.0428,43.28
2019-07-25,2.1176,2.081,43.42
2019-07-26,2.115,2.0703,43.47
2019-07-29,2.083,2.065,43.64
2019-07-30,2.0923,2.058,44.33
2019-07-31,2.105,2.0144,44.62
2019-08-01,2.0256,1.8935,41.5
2019-08-02,2.0087,1.8452,42.45
2019-08-05,1.9725,1.7075,41.03
2019-08-06,1.9875,1.7023,40.43
2019-08-07,2.0223,1.7342,38.57
2019-08-08,2.0036,1.7172,39.36
2019-08-09,2.0007,1.7447,40.15
2019-08-12,1.955,1.6454,40.17
2019-08-13,1.9624,1.7035,42.05
2019-08-14,1.9098,1.5792,40.8
2019-08-15,1.8988,1.5269,39.94
2019-08-16,1.91,1.5538,40.22
2019-08-19,1.9137,1.6063,40.98
2019-08-20,1.9038,1.5555,41.18
2019-08-21,1.8726,1.5893,41.36
2019-08-22,1.8833,1.6131,41.1
2019-08-23,1.8877,1.5351,40.7
2019-08-26,1.9149,1.5351,40.26
2019-08-27,1.9148,1.4711,40.82
2019-08-28,1.985,1.4794,41.44
2019-08-29,1.9851,1.4945,41.83
2019-08-30,1.9924,1.4961,40.97
2019-09-02,1.9565,1.4961,40.56
2019-09-03,1.9174,1.4573,40.29
2019-09-04,1.923,1.4657,41.97
2019-09-05,1.9586,1.5586,42.15
2019-09-06,1.9461,1.5602,42.56
2019-09-09,1.9736,1.6438,43.28
2019-09-10,1.9636,1.7316,43.14
2019-09-11,1.9687,1.7385,42.05
2019-09-12,2.0086,1.7715,41.75
2019-09-13,2.0417,1.8958,41.64
2019-09-16,2.0492,1.8467,47.73
2019-09-17,2.0401,1.8013,44.64
2019-09-18,1.9825,1.7961,43.98
2019-09-19,1.932,1.784,44.53
2019-09-20,1.9874,1.7215,44.45
2019-09-23,1.9735,1.7267,44.79
2019-09-24,1.9337,1.6456,43.63
2019-09-25,1.962,1.7372,43.14
2019-09-26,1.932,1.6921,43.38
2019-09-27,1.9007,1.6801,42.81
2019-09-30,1.9432,1.6646,41.56
2019-10-01,1.9115,1.6353,41.3
2019-10-02,1.8963,1.5992,40.46
2019-10-03,1.8798,1.5341,40.48
2019-10-04,1.9066,1.529,40.94
2019-10-07,1.9237,1.558,40.92
2019-10-08,1.8849,1.5289,40.85
2019-10-09,1.8999,1.5836,40.9
2019-10-10,1.9224,1.6681,41.45
2019-10-11,1.9418,1.729,42.44
2019-10-14,1.952,1.729,41.63
2019-10-15,1.956,1.771,41.2
2019-10-16,1.943,1.7395,41.67
2019-10-17,1.953,1.7518,42.02
2019-10-18,1.9762,1.7536,41.67
2019-10-21,2.01,1.7993,41.35
2019-10-22,2.0155,1.7607,41.87
2019-10-23,2.015,1.7642,42.9
2019-10-24,2.028,1.766,43.25
2019-10-25,2.0144,1.7943,43.5
2019-10-28,2.0175,1.842,43.18
2019-10-29,1.983,1.8385,43.17
2019-10-30,1.9735,1.7715,42.47
2019-10-31,1.973,1.691,42.03
2019-11-01,1.9497,1.7103,43.49
2019-11-04,1.9985,1.777,43.8
2019-11-05,2.0865,1.8584,44.39
2019-11-06,2.072,1.8283,43.53
2019-11-07,2.1307,1.9173,43.92
2019-11-08,2.0672,1.9417,44.07
2019-11-11,2.054,1.9417,43.84
2019-11-12,2.053,1.9347,43.75
2019-11-13,2.0206,1.886,43.97
2019-11-14,2.0101,1.8186,43.91
2019-11-15,2.0537,1.8308,44.63
2019-11-18,2.0001,1.8153,44.02
2019-11-19,2.035,1.7826,42.94
2019-11-20,2.0225,1.7449,43.99
2019-11-21,2.0376,1.7723,45.1
2019-11-22,2.0416,1.7706,44.69
2019-11-25,2.0426,1.7551,44.87
2019-11-26,2.028,1.7414,45.31
2019-11-27,2.0325,1.7654,45.17
2019-11-28,2.02,1.7654,45.35
2019-11-29,1.9867,1.7758,43.36
2019-12-02,2.0595,1.8189,43.67
2019-12-03,2.0581,1.7157,43.6
2019-12-04,2.0531,1.774,45.16
2019-12-05,2.0602,1.8103,45.44
2019-12-06,2.0724,1.8363,46.16
2019-12-09,2.0488,1.819,46.06
2019-12-10,2.0488,1.8416,46.12
2019-12-11,2.025,1.7914,45.68
2019-12-12,2.0785,1.8922,46.02
2019-12-13,2.0508,1.8226,46.75
2019-12-16,2.0865,1.8713,46.84
2019-12-17,2.107,1.8801,47.38
2019-12-18,2.0925,1.9169,47.43
2019-12-19,2.104,1.9204,47.7
2019-12-20,2.1051,1.9171,47.41
2019-12-23,2.083,1.9294,47.59
2019-12-24,2.073,1.8996,48.17
2019-12-25,2.077,1.8996,
2019-12-26,2.1045,1.8944,48.69
2019-12-27,2.0475,1.8752,48.86
2019-12-30,2.054,1.8788,48.71
2019-12-31,2.0675,1.9175,48.22
2020-01-01,2.074,1.9175,
2020-01-02,2.1025,1.8771,48.41
2020-01-03,2.116,1.7881,50.12
2020-01-06,2.0765,1.809,50.35
2020-01-07,2.048,1.8177,49.88
2020-01-08,2.0905,1.8738,47.82
2020-01-09,2.0795,1.8545,47.76
2020-01-10,2.066,1.8196,47.48
2020-01-13,2.0935,1.8459,46.91
2020-01-14,2.0795,1.8109,47.12
2020-01-15,2.064,1.783,46.76
2020-01-16,2.065,1.8074,47.22
2020-01-17,2.1027,1.8215,47.38
2020-01-20,2.0815,1.8215,47.64
2020-01-21,2.085,1.7743,47.19
2020-01-22,2.07,1.7691,46.19
2020-01-23,2.05,1.7325,45.33
2020-01-24,2.0778,1.6839,44.34
2020-01-27,2.0045,1.608,43.34
2020-01-28,2.0135,1.6562,43.48
2020-01-29,2.092,1.5839,43.56
2020-01-30,2.015,1.5856,42.39
2020-01-31,1.999,1.5068,41.86
2020-02-03,1.9925,1.5272,40.26
2020-02-04,2.0075,1.5991,39.9
2020-02-05,2.019,1.6508,40.87
2020-02-06,2.0105,1.6422,40.61
2020-02-07,2.0117,1.5834,40.27
2020-02-10,2.045,1.5696,39.39
2020-02-11,2.0335,1.6006,39.93
2020-02-12,2.0485,1.6333,41.25
2020-02-13,2.0495,1.6173,41.66
2020-02-14,2.0037,1.5848,42.38
2020-02-17,2.0175,1.5848,42.64
2020-02-18,2.071,1.561,42.7
2020-02-19,1.9905,1.5661,43.71
2020-02-20,1.945,1.5152,43.85
2020-02-21,1.9388,1.4713,43.25
2020-02-24,1.927,1.3705,41.63
2020-02-25,1.868,1.3521,40.63
2020-02-26,1.8805,1.3371,39.54
2020-02-27,1.8605,1.2607,38.73
2020-02-28,1.8865,1.1486,37.19
2020-03-02,1.889,1.1632,38.86
2020-03-03,1.8283,0.999,38.83
2020-03-04,1.8435,1.0522,38.28
2020-03-05,1.7895,0.912,37.43
2020-03-06,1.6952,0.7623,33.9
2020-03-09,1.5168,0.5407,25.73
2020-03-10,1.3065,0.803,27.87
2020-03-11,1.3285,0.8695,26.8
2020-03-12,1.2155,0.8042,24.87
2020-03-13,1.335,0.9603,25.35
2020-03-16,1.426,0.7182,22.5
2020-03-17,1.475,1.0784,21.51
2020-03-18,1.447,1.1915,18.63
2020-03-19,1.322,1.1404,21.32
2020-03-20,1.4535,0.8454,20.2
2020-03-23,1.4815,0.7863,20.24
2020-03-24,1.742,0.8466,20.33
2020-03-25,1.676,0.8673,20.51
2020-03-26,1.9631,0.8447,19.72
2020-03-27,2.0007,0.6746,18.67
2020-03-30,1.684,0.7264,17.65
2020-03-31,1.7045,0.6695,17.6
2020-04-01,1.639,0.5832,16.52
2020-04-02,1.704,0.597,20.0
2020-04-03,1.7527,0.5948,22.78
2020-04-06,1.732,0.6698,22.07
2020-04-07,1.806,0.7122,21.29
2020-04-08,1.869,0.7722,21.93
2020-04-09,1.916,0.7191,21.02
2020-04-10,1.8557,0.7191,
2020-04-13,1.928,0.7713,21.2
2020-04-14,1.966,0.752,19.77
2020-04-15,1.853,0.6316,18.49
2020-04-16,1.748,0.6267,18.58
2020-04-17,1.7516,0.6417,18.75
2020-04-20,1.711,0.6053,17.08
2020-04-21,1.741,0.5691,12.91
2020-04-22,1.824,0.619,13.6
2020-04-23,1.806,0.6015,14.25
2020-04-24,1.8738,0.6008,14.32
2020-04-27,1.889,0.6605,13.35
2020-04-28,1.8415,0.6129,13.16
2020-04-29,1.849,0.6269,14.02
2020-04-30,1.808,0.6393,15.32
2020-05-01,1.7944,0.6118,15.3
2020-05-04,1.823,0.6336,15.74
2020-05-05,1.817,0.6619,17.92
2020-05-06,1.805,0.703,17.2
2020-05-07,1.769,0.6409,17.05
2020-05-08,1.7693,0.6831,17.92
2020-05-11,1.799,0.7099,17.15
2020-05-12,1.751,0.6651,17.35
2020-05-13,1.723,0.6525,16.89
2020-05-14,1.692,0.6218,18.02
2020-05-15,1.6993,0.6428,18.81
2020-05-18,1.768,0.7257,20.14
2020-05-19,1.759,0.6882,20.05
2020-05-20,1.78,0.6801,20.69
2020-05-21,1.7445,0.672,20.87
2020-05-22,1.7137,0.6591,20.33
2020-05-25,1.732,0.6591,20.56
2020-05-26,1.741,0.6965,20.93
2020-05-27,1.7605,0.6819,20.2
2020-05-28,1.782,0.69,20.53
2020-05-29,1.7372,0.6526,21.56
2020-06-01,1.807,0.6591,21.83
2020-06-02,1.791,0.6852,22.54
2020-06-03,1.828,0.7458,22.67
2020-06-04,1.852,0.8234,22.78
2020-06-05,1.8496,0.8951,24.1
2020-06-08,1.9025,0.8752,23.24
2020-06-09,1.8175,0.8253,23.46
2020-06-10,1.824,0.7263,23.77
2020-06-11,1.7725,0.669,21.96
2020-06-12,1.7526,0.7034,22.07
2020-06-15,1.763,0.7215,22.63
2020-06-16,1.787,0.7528,23.34
2020-06-17,1.763,0.738,23.19
2020-06-18,1.774,0.7084,23.65
2020-06-19,1.7926,0.6937,24.04
2020-06-22,1.831,0.7085,24.54
2020-06-23,1.855,0.7118,24.29
2020-06-24,1.819,0.679,22.97
2020-06-25,1.833,0.6856,23.39
2020-06-26,1.8064,0.6413,23.37
2020-06-29,1.787,0.6234,23.9
2020-06-30,1.801,0.6561,23.56
2020-07-01,1.839,0.6758,24.0
2020-07-02,1.881,0.6693,24.63
2020-07-03,1.917,0.6693,24.44
2020-07-06,1.891,0.6759,24.61
2020-07-07,1.861,0.6397,24.6
2020-07-08,1.846,0.6644,24.72
2020-07-09,1.819,0.6135,24.18
2020-07-10,1.8015,0.6447,24.69
2020-07-13,1.844,0.6184,24.39
2020-07-14,1.834,0.6233,24.5
2020-07-15,1.818,0.6299,25.0
2020-07-16,1.818,0.6168,24.76
2020-07-17,1.8685,0.6266,24.63
2020-07-20,1.845,0.6102,24.71
2020-07-21,1.876,0.6004,25.31
2020-07-22,1.876,0.5971,25.29
2020-07-23,1.852,0.5774,24.73
2020-07-24,1.8724,0.5888,24.75
2020-07-27,1.8505,0.6151,24.79
2020-07-28,1.848,0.579,24.68
2020-07-29,1.878,0.5741,24.95
2020-07-30,1.856,0.5462,24.47
2020-07-31,1.8727,0.5282,24.63
2020-08-03,1.884,0.5543,24.98
2020-08-04,1.882,0.5069,25.14
2020-08-05,1.917,0.5477,25.56
2020-08-06,1.933,0.5362,25.52
2020-08-07,1.9529,0.564,25.12
2020-08-10,1.945,0.5755,25.46
2020-08-11,1.95,0.6415,25.18
2020-08-12,1.969,0.6747,25.71
2020-08-13,,0.7208,25.44
2020-08-14,1.9437,0.7094,25.35
2020-08-17,,0.6882,25.67
2020-08-18,2.011,0.6687,25.72
2020-08-19,1.987,0.6801,25.67
2020-08-20,1.949,0.6509,25.41
2020-08-21,1.9389,0.6282,25.1
2020-08-24,1.998,0.6542,25.54
2020-08-25,2.0205,0.6835,25.95
2020-08-26,2.035,0.6884,25.88
2020-08-27,2.074,0.7522,25.56
2020-08-28,2.1332,0.7211,25.68
2020-08-31,2.139,0.7048,25.38
2020-09-01,2.122,0.6689,25.55
2020-09-02,2.087,0.6477,24.91
2020-09-03,2.0735,0.6347,24.71
2020-09-04,2.0878,0.718,23.92
2020-09-07,2.104,0.718,23.55
2020-09-08,2.103,0.6788,22.3
2020-09-09,2.1245,0.7001,22.87
2020-09-10,2.133,0.6772,22.46
2020-09-11,2.1424,0.6658,22.33
2020-09-14,2.079,0.6723,22.21
2020-09-15,2.097,0.6789,22.72
2020-09-16,2.083,0.6969,23.67
2020-09-17,2.069,0.6887,24.27
2020-09-18,2.0209,0.6937,24.19
2020-09-21,2.0285,0.6658,23.23
2020-09-22,2.009,0.6708,23.39
2020-09-23,1.997,0.6724,23.42
2020-09-24,2.01,0.6659,23.51
2020-09-25,1.9801,0.6544,23.5
2020-09-28,2.0068,0.6528,23.76
2020-09-29,2.042,0.6495,23.03
2020-09-30,2.039,0.684,23.44
2020-10-01,2.0571,0.6774,22.68
2020-10-02,2.1202,0.7005,21.76
2020-10-05,2.113,0.7817,22.88
2020-10-06,2.084,0.7353,23.63
2020-10-07,2.121,0.7868,23.27
2020-10-08,2.142,0.7852,24.02
2020-10-09,2.1621,0.7737,23.74
2020-10-12,2.1425,0.7737,23.12
2020-10-13,2.156,0.7272,23.52
2020-10-14,2.133,0.7256,24.01
2020-10-15,2.139,0.7322,23.92
2020-10-16,2.1543,0.7456,23.79
2020-10-19,2.168,0.769,23.62
2020-10-20,2.161,0.7857,23.92
2020-10-21,2.172,0.8226,23.12
2020-10-22,2.1915,0.8562,23.53
2020-10-23,2.193,0.8429,23.15
2020-10-26,2.1825,0.801,22.42
2020-10-27,2.145,0.7676,22.83
2020-10-28,2.145,0.771,21.75
2020-10-29,2.161,0.823,20.99
2020-10-30,2.1707,0.8737,20.82
2020-11-02,2.1815,0.8434,21.38
2020-11-03,2.1985,0.8993,21.79
2020-11-04,2.088,0.7629,22.62
2020-11-05,2.105,0.7629,22.46
2020-11-06,2.1277,0.8185,21.65
2020-11-09,2.155,0.9235,23.26
2020-11-10,2.175,0.9595,23.93
2020-11-11,2.185,0.9753,24.03
2020-11-12,2.144,0.8815,23.88
2020-11-13,2.1194,0.8963,23.47
2020-11-16,2.163,0.9061,24.04
2020-11-17,2.137,0.857,24.0
2020-11-18,2.137,0.8701,24.33
2020-11-19,2.124,0.8293,24.25
2020-11-20,2.1645,0.8243,24.67
2020-11-23,2.151,0.8537,25.27
2020-11-24,2.165,0.8799,26.26
2020-11-25,2.191,0.8816,26.67
2020-11-26,2.206,0.8816,26.23
2020-11-27,2.1873,0.8373,26.44
2020-11-30,2.235,0.8389,26.23
2020-12-01,2.258,0.926,25.98
2020-12-02,2.289,0.936,26.44
2020-12-03,2.304,0.9063,26.69
2020-12-04,2.2967,0.9659,26.98
2020-12-07,2.279,0.9228,26.73
2020-12-08,2.2885,0.9179,26.76
2020-12-09,2.323,0.9361,26.77
2020-12-10,2.271,0.9063,27.53
2020-12-11,2.249,0.8964,27.38
2020-12-14,2.267,0.8931,27.55
2020-12-15,2.289,0.908,27.81
2020-12-16,2.296,0.9163,27.99
2020-12-17,2.3105,0.9329,28.22
2020-12-18,2.318,0.9462,28.63
2020-12-21,2.297,0.9346,27.89
2020-12-22,2.268,0.9164,27.44
2020-12-23,2.312,0.943,28.05
2020-12-24,2.311,0.9231,28.1
2020-12-25,2.3045,0.9231,
2020-12-28,2.306,0.9231,27.86
2020-12-29,2.295,0.9364,28.04
2020-12-30,2.2855,0.9231,28.26
2020-12-31,2.305,0.9132,28.35
2021-01-01,2.303,0.9132,
2021-01-04,2.309,0.9132,27.96
2021-01-05,2.303,0.9549,29.34
2021-01-06,2.329,1.0355,29.72
2021-01-07,2.3485,1.0795,29.76
2021-01-08,2.313,1.1153,30.65
2021-01-11,2.345,1.146,30.47
2021-01-12,2.329,1.1291,30.97
2021-01-13,2.324,1.0832,30.68
2021-01-14,2.33,1.1292,30.88
2021-01-15,2.3511,1.0835,30.16
2021-01-18,2.3525,1.0835,29.97
2021-01-19,2.355,1.0886,30.6
2021-01-20,2.34,1.0802,30.7
2021-01-21,2.3915,1.1058,30.71
2021-01-22,2.3615,1.0855,30.33
2021-01-25,2.347,1.0295,30.59
2021-01-26,2.344,1.0347,30.6
2021-01-27,2.311,1.0161,30.54
2021-01-28,2.357,1.0449,30.31
2021-01-29,2.3809,1.0655,30.27
2021-02-01,2.345,1.0792,30.99
2021-02-02,2.3945,1.0963,31.6
2021-02-03,2.413,1.1374,32.15
2021-02-04,2.4295,1.1392,32.36
2021-02-05,2.4364,1.1635,32.64
2021-02-08,2.435,1.1705,33.31
2021-02-09,2.444,1.1568,33.6
2021-02-10,2.406,1.1225,33.81
2021-02-11,2.3775,1.1632,33.63
2021-02-12,2.4025,1.2082,34.34
2021-02-15,2.397,1.2082,34.82
2021-02-16,2.424,1.3141,34.84
2021-02-17,2.396,1.2703,35.39
2021-02-18,2.362,1.2956,35.16
2021-02-19,2.3363,1.3364,34.6
2021-02-22,2.315,1.3653,35.88
2021-02-23,2.278,1.3416,35.95
2021-02-24,2.247,1.3756,36.9
2021-02-25,2.26,1.5199,36.86
2021-02-26,2.2281,1.4049,35.92
2021-03-01,2.232,1.417,35.51
2021-03-02,2.278,1.3914,34.96
2021-03-03,2.309,1.4808,35.73
2021-03-04,2.299,1.564,37.21
2021-03-05,2.3234,1.5661,38.67
2021-03-08,2.321,1.5907,38.05
2021-03-09,2.2945,1.5263,37.65
2021-03-10,2.352,1.5178,37.86
2021-03-11,2.342,1.537,38.83
2021-03-12,2.3447,1.6247,38.6
2021-03-15,2.324,1.6055,38.41
2021-03-16,2.328,1.6179,38.13
2021-03-17,2.352,1.6427,37.92
2021-03-18,2.353,1.7082,35.28
2021-03-19,2.4091,1.721,35.98
2021-03-22,2.41,1.6946,36.03
2021-03-23,2.407,1.6206,33.9
2021-03-24,2.388,1.6084,35.91
2021-03-25,2.3785,1.6332,34.54
2021-03-26,2.4357,1.676,36.0
2021-03-29,2.449,1.7081,36.28
2021-03-30,2.422,1.7029,35.86
2021-03-31,2.43,1.7404,35.06
2021-04-01,2.392,1.6699,36.24
2021-04-02,2.3995,1.7216,
2021-04-05,2.3875,1.7003,34.73
2021-04-06,2.343,1.656,35.06
2021-04-07,2.364,1.6739,35.29
2021-04-08,2.3555,1.6192,35.32
2021-04-09,2.3641,1.6585,35.18
2021-04-12,2.3635,1.6657,35.36
2021-04-13,2.3795,1.6145,35.58
2021-04-14,2.367,1.6323,37.21
2021-04-15,2.363,1.5759,37.41
2021-04-16,2.407,1.5798,37.31
2021-04-19,2.427,1.6047,37.47
2021-04-20,2.38,1.5589,37.2
2021-04-21,2.402,1.5555,36.5
2021-04-22,2.408,1.538,36.55
2021-04-23,2.387,1.5577,36.94
2021-04-26,2.409,1.5667,36.69
2021-04-27,2.4737,1.6216,37.12
2021-04-28,2.461,1.6094,37.63
2021-04-29,2.443,1.6343,38.34
2021-04-30,2.4264,1.6259,37.62
2021-05-03,2.421,1.5976,38.07
2021-05-04,2.375,1.5924,38.81
2021-05-05,2.412,1.566,38.86
2021-05-06,2.416,1.5696,38.37
2021-05-07,2.4888,1.5771,38.47
2021-05-10,2.516,1.602,38.5
2021-05-11,2.547,1.6217,38.63
2021-05-12,2.536,1.6916,39.06
2021-05-13,2.5415,1.6574,37.78
2021-05-14,2.5473,1.6284,38.72
2021-05-17,2.52,1.6488,39.14
2021-05-18,2.535,1.6369,38.72
2021-05-19,2.507,1.671,37.56
2021-05-20,2.445,1.625,36.69
2021-05-21,2.4326,1.6216,37.44
2021-05-24,2.4125,1.6012,38.58
2021-05-25,2.407,1.5588,38.68
2021-05-26,2.38,1.5757,38.82
2021-05-27,2.414,1.6062,39.08
2021-05-28,2.4254,1.5943,38.81
2021-05-31,2.4545,1.5943,39.15
2021-06-01,2.459,1.6062,39.68
2021-06-02,2.453,1.5875,40.3
2021-06-03,2.4595,1.625,40.28
2021-06-04,2.4015,1.5534,40.6
2021-06-07,2.4275,1.5687,40.38
2021-06-08,2.419,1.5331,40.79
2021-06-09,2.365,1.4908,40.79
2021-06-10,2.389,1.4318,40.96
2021-06-11,2.3651,1.4518,41.05
2021-06-14,2.3985,1.494,41.15
2021-06-15,2.388,1.4922,41.79
2021-06-16,2.2863,1.5754,42.01
2021-06-17,2.309,1.504,41.27
2021-06-18,2.2878,1.4381,41.52
2021-06-21,2.277,1.4886,42.3
2021-06-22,2.315,1.4632,42.25
2021-06-23,2.319,1.4852,42.47
2021-06-24,2.31,1.4919,42.68
2021-06-25,2.3591,1.5241,43.03
2021-06-28,2.35,1.4765,42.32
2021-06-29,2.34,1.4697,42.4
2021-06-30,2.348,1.468,42.59
2021-07-01,2.356,1.4578,43.29
2021-07-02,2.338,1.4238,43.48
2021-07-05,2.3085,1.4238,44.04
2021-07-06,2.328,1.3481,42.54
2021-07-07,2.261,1.3163,41.91
2021-07-08,2.193,1.2928,42.31
2021-07-09,2.238,1.3595,43.12
2021-07-12,2.291,1.3645,42.9
2021-07-13,2.278,1.4166,43.66
2021-07-14,2.255,1.3459,42.67
2021-07-15,2.25,1.2989,41.94
2021-07-16,2.2654,1.2903,42.0
2021-07-19,2.217,1.1888,39.17
2021-07-20,2.241,1.2218,39.58
2021-07-21,2.2743,1.2884,41.23
2021-07-22,2.2637,1.2783,42.12
2021-07-23,2.3166,1.2763,42.3
2021-07-26,2.344,1.2896,42.52
2021-07-27,2.3363,1.2411,42.51
2021-07-28,2.36,1.2327,42.71
2021-07-29,2.3812,1.2693,43.43
2021-07-30,2.3687,1.2223,43.6
2021-08-02,2.3533,1.1773,42.15
2021-08-03,2.368,1.1722,41.87
2021-08-04,2.349,1.182,40.7
2021-08-05,2.3549,1.2235,41.22
2021-08-06,2.3755,1.2969,40.88
2021-08-09,2.3932,1.3237,39.92
2021-08-10,2.4225,1.349,40.84
2021-08-11,2.4285,1.3303,41.31
2021-08-12,2.4053,1.359,41.23
2021-08-13,2.3916,1.2767,40.82
2021-08-16,2.3639,1.265,40.19
2021-08-17,2.3193,1.2617,39.92
2021-08-18,2.3155,1.2583,39.45
2021-08-19,2.3113,1.2433,38.42
2021-08-20,2.2812,1.255,37.69
2021-08-23,2.2994,1.2517,39.75
2021-08-24,2.3486,1.2935,41.08
2021-08-25,2.3688,1.339,41.78
2021-08-26,2.3515,1.3491,41.1
2021-08-27,2.3869,1.307,42.04
2021-08-30,2.3695,1.2785,42.35
2021-08-31,2.362,1.3088,42.0
2021-09-01,2.3725,1.2936,41.97
2021-09-02,2.3727,1.2835,42.82
2021-09-03,2.3637,1.3223,42.57
2021-09-06,2.3387,1.3223,42.34
2021-09-07,2.397,1.3732,42.03
2021-09-08,2.4106,1.3376,42.57
2021-09-09,2.397,1.2971,41.89
2021-09-10,2.3807,1.3411,42.75
2021-09-13,2.3762,1.3259,43.1
2021-09-14,2.351,1.2836,43.15
2021-09-15,2.3356,1.2988,44.24
2021-09-16,2.3598,1.3378,44.37
2021-09-17,2.3777,1.3616,44.17
2021-09-20,2.343,1.3107,43.34
2021-09-21,2.35,1.3226,43.6
2021-09-22,2.329,1.3006,44.67
2021-09-23,2.363,1.4301,45.29
2021-09-24,2.3801,1.4509,45.78
2021-09-27,2.4045,1.4871,46.63
2021-09-28,2.45,1.5374,46.41
2021-09-29,2.4313,1.5167,46.26
2021-09-30,2.4367,1.4873,46.39
2021-10-01,2.4603,1.4616,46.96
2021-10-04,2.4497,1.4789,48.13
2021-10-05,2.5165,1.5258,48.9
2021-10-06,2.5037,1.5206,48.03
2021-10-07,2.5208,1.5729,48.54
2021-10-08,2.5781,1.6118,48.8
2021-10-11,2.5471,1.6118,49.55
2021-10-12,2.5415,1.5769,49.41
2021-10-13,2.585,1.5368,49.27
2021-10-14,2.5785,1.5107,49.76
2021-10-15,2.5938,1.5703,50.27
2021-10-18,2.5938,1.6002,49.95
2021-10-19,2.5896,1.6372,50.4
2021-10-20,2.616,1.6567,50.83
2021-10-21,2.6236,1.7011,50.12
2021-10-22,2.6343,1.6324,50.66
2021-10-25,2.6408,1.6307,50.93
2021-10-26,2.646,1.6079,51.18
2021-10-27,2.6175,1.5413,50.11
2021-10-28,2.5157,1.58,49.99
2021-10-29,2.4738,1.5521,50.02
2021-11-01,2.405,1.5557,50.62
2021-11-02,2.424,1.5488,50.62
2021-11-03,2.4741,1.6034,48.99
2021-11-04,2.49,1.5262,48.12
2021-11-05,2.4381,1.4513,49.44
2021-11-08,2.5325,1.4897,49.85
2021-11-09,2.5469,1.4358,50.66
2021-11-10,2.5725,1.5493,49.38
2021-11-11,2.5547,1.5493,49.52
2021-11-12,2.5521,1.5613,49.1
2021-11-15,2.594,1.6145,49.03
2021-11-16,2.5575,1.6335,49.25
2021-11-17,2.5121,1.5889,47.97
2021-11-18,2.5534,1.5855,48.54
2021-11-19,2.5642,1.5462,47.14
2021-11-22,2.5016,1.6236,47.62
2021-11-23,2.5024,1.6651,49.18
2021-11-24,2.4537,1.6341,49.15
2021-11-25,2.428,1.6341,49.13
2021-11-26,2.4476,1.4731,43.45
2021-11-29,2.4145,1.4987,44.44
2021-11-30,2.4898,1.4443,42.02
2021-12-01,2.417,1.4037,41.8
2021-12-02,2.483,1.4443,42.29
2021-12-03,2.4413,1.343,42.41
2021-12-06,2.409,1.4342,44.36
2021-12-07,2.4675,1.4733,45.79
2021-12-08,2.531,1.5212,46.02
2021-12-09,2.48,1.499,45.17
2021-12-10,2.4752,1.4837,45.61
2021-12-13,2.421,1.4156,45.15
2021-12-14,2.431,1.4411,44.73
2021-12-15,2.455,1.4565,44.84
2021-12-16,2.476,1.4106,45.53
2021-12-17,2.423,1.4021,44.62
2021-12-20,2.4545,1.4225,43.41
2021-12-21,2.53,1.4617,44.9
2021-12-22,2.531,1.4515,45.7
2021-12-23,2.535,1.4927,46.64
2021-12-24,2.535,1.4927,46.21
2021-12-27,2.571,1.4756,47.71
2021-12-28,2.5305,1.4807,47.98
2021-12-29,2.671,1.5496,48.31
2021-12-30,2.604,1.5083,48.51
2021-12-31,2.5565,1.5101,47.44
2022-01-03,2.57,1.628,48.17
2022-01-04,2.4995,1.6473,48.79
2022-01-05,2.463,1.7052,49.28
2022-01-06,2.444,1.7211,50.01
2022-01-07,2.4785,1.762,49.86
2022-01-10,2.488,1.7603,49.32
2022-01-11,2.494,1.7357,51.06
2022-01-12,2.419,1.7428,51.64
2022-01-13,2.3885,1.7041,51.52
2022-01-14,2.4035,1.7841,52.49
2022-01-17,2.402,1.7841,52.74
2022-01-18,2.3975,1.8735,53.37
2022-01-19,2.399,1.8646,53.94
2022-01-20,2.378,1.804,53.9
2022-01-21,2.3915,1.7581,53.6
2022-01-24,2.47,1.7706,52.62
2022-01-25,2.4665,1.7689,53.79
2022-01-26,2.46,1.8637,54.87
2022-01-27,2.469,1.7994,54.49
2022-01-28,2.4794,1.7694,54.91
2022-01-31,2.5145,1.7767,55.37
2022-02-01,2.457,1.7875,55.31
2022-02-02,2.4136,1.7751,55.5
2022-02-03,2.4025,1.8306,56.52
2022-02-04,2.3971,1.9085,57.86
2022-02-07,2.417,1.9159,57.5
2022-02-08,2.421,1.9632,56.31
2022-02-09,2.44,1.9415,56.79
2022-02-10,2.435,2.0294,56.7
2022-02-11,2.4148,1.9371,58.58
2022-02-14,2.426,1.9875,59.85
2022-02-15,2.433,2.0434,57.86
2022-02-16,2.408,2.0382,58.81
2022-02-17,2.3605,1.9615,57.67
2022-02-18,2.3436,1.9286,58.02
2022-02-21,2.378,1.9286,59.17
2022-02-22,2.3605,1.939,60.07
2022-02-23,2.4025,1.9912,60.07
2022-02-24,2.446,1.9633,61.46
2022-02-25,2.4641,1.9617,60.75
2022-02-28,2.548,1.825,63.23
2022-03-01,2.5865,1.7275,67.75
2022-03-02,2.607,1.8767,72.89
2022-03-03,2.5945,1.8405,71.29
2022-03-04,2.6026,1.7307,76.23
2022-03-07,2.702,1.7734,79.52
2022-03-08,2.734,1.8456,82.6
2022-03-09,2.705,1.9531,71.73
2022-03-10,2.659,1.9864,70.56
2022-03-11,2.7172,1.9917,72.72
2022-03-14,2.701,2.133,69.0
2022-03-15,2.569,2.1437,64.48
2022-03-16,2.559,2.1849,63.26
2022-03-17,2.629,2.1706,68.83
2022-03-18,2.6186,2.1494,69.66
2022-03-21,2.5695,2.2896,74.62
2022-03-22,2.616,2.3825,74.53
2022-03-23,2.6215,2.2917,78.48
2022-03-24,2.5955,2.3718,76.82
2022-03-25,2.6125,2.4731,77.87
2022-03-28,2.668,2.4585,72.6
2022-03-29,2.6235,2.3944,71.42
2022-03-30,2.67,2.3488,73.89
2022-03-31,2.6355,2.338,69.43
2022-04-01,2.6527,2.3822,69.22
2022-04-04,2.632,2.3951,71.3
2022-04-05,2.6955,2.5469,70.71
2022-04-06,2.682,2.5975,67.01
2022-04-07,2.6965,2.6578,66.69
2022-04-08,2.7303,2.7,68.15
2022-04-11,2.749,2.7801,65.3
2022-04-12,2.718,2.7213,69.38
2022-04-13,2.677,2.6987,72.13
2022-04-14,2.756,2.8275,74.06
2022-04-15,2.746,2.8275,
2022-04-18,2.813,2.8527,75.03
2022-04-19,2.801,2.9361,71.11
2022-04-20,2.795,2.832,70.81
2022-04-21,2.814,2.9095,71.83
2022-04-22,2.8029,2.8987,70.71
2022-04-25,2.675,2.8198,67.84
2022-04-26,2.7437,2.7205,69.61
2022-04-27,2.5781,2.8318,69.84
2022-04-28,2.8513,2.8224,71.38
2022-04-29,2.7456,2.9336,71.3
2022-05-02,2.6137,2.9807,71.59
2022-05-03,2.6563,2.9712,69.85
2022-05-04,2.7106,2.9344,73.29
2022-05-05,2.6775,3.0365,73.8
2022-05-06,2.7326,3.1265,74.79
2022-05-09,2.6288,3.0338,70.5
2022-05-10,2.6256,2.9908,68.18
2022-05-11,2.685,2.9207,71.54
2022-05-12,2.5263,2.8479,71.5
2022-05-13,2.7377,2.9185,74.23
2022-05-16,2.6694,2.8822,76.02
2022-05-17,2.6856,2.986,74.48
2022-05-18,2.7342,2.884,72.61
2022-05-19,2.6163,2.837,74.56
2022-05-20,2.615,2.7811,74.9
2022-05-23,2.7356,2.8514,75.48
2022-05-24,2.5938,2.7506,75.57
2022-05-25,2.5288,2.7452,75.88
2022-05-26,2.655,2.7469,78.12
2022-05-27,2.6369,2.7378,79.47
2022-05-30,2.6538,2.7378,80.88
2022-05-31,2.6537,2.8441,79.5
2022-06-01,2.6519,2.9058,79.98
2022-06-02,2.6619,2.9076,80.88
2022-06-03,2.7695,2.9332,82.34
2022-06-06,2.7581,3.0399,82.19
2022-06-07,2.6956,2.9736,82.92
2022-06-08,2.7025,3.0215,84.99
2022-06-09,2.7263,3.0418,84.64
2022-06-10,2.7419,3.1555,83.91
2022-06-13,2.6788,3.3598,84.09
2022-06-14,2.6769,3.4733,83.33
2022-06-15,2.8131,3.2839,81.5
2022-06-16,2.5182,3.1952,82.4
2022-06-17,2.6425,3.2256,77.8
2022-06-20,2.6633,3.2256,78.49
2022-06-21,2.685,3.2749,78.85
2022-06-22,2.6419,3.1561,76.85
2022-06-23,2.5344,3.087,75.69
2022-06-24,2.589,3.1301,77.8
2022-06-27,2.5681,3.1997,79.15
2022-06-28,2.5206,3.1715,81.16
2022-06-29,2.4663,3.0891,80.2
2022-06-30,2.42,3.0129,77.76
2022-07-01,2.4306,2.8803,79.62
2022-07-04,2.4812,2.8803,80.95
2022-07-05,2.4781,2.8054,73.3
2022-07-06,2.4481,2.928,71.81
2022-07-07,2.5144,2.9945,74.64
2022-07-08,2.4696,3.0803,76.33
2022-07-11,2.4075,2.9928,76.38
2022-07-12,2.4231,2.9687,70.96
2022-07-13,2.4381,2.9336,71.01
2022-07-14,2.5075,2.9595,70.68
2022-07-15,2.4719,2.9152,72.15
2022-07-18,2.4706,2.9855,75.79
2022-07-19,2.4606,3.0209,76.56
2022-07-20,2.4269,3.0265,76.26
2022-07-21,2.3944,2.8747,74.07
2022-07-22,2.4088,2.7504,73.6
2022-07-25,2.4719,2.7959,74.99
2022-07-26,2.47,2.8068,74.46
2022-07-27,2.5331,2.7849,76.11
2022-07-28,2.5656,2.6759,76.23
2022-07-29,2.6317,2.6487,77.84
2022-08-01,2.5606,2.5732,74.89
2022-08-02,2.5231,2.7483,75.27
2022-08-03,2.55,2.7046,72.45
2022-08-04,2.5106,2.6883,70.46
2022-08-05,2.5825,2.8268,71.06
2022-08-08,2.5894,2.7572,72.36
2022-08-09,2.4844,2.7773,72.1
2022-08-10,2.5381,2.7809,72.92
2022-08-11,2.54,2.8876,74.56
2022-08-12,2.5686,2.8312,73.48
2022-08-15,2.4513,2.7878,71.19
2022-08-16,2.4844,2.8041,69.13
2022-08-17,2.5363,2.8968,70.11
2022-08-18,2.5849,2.8822,72.31
2022-08-19,2.6444,2.9721,72.41
2022-08-22,2.64,3.0146,72.23
2022-08-23,2.6337,3.0461,75.03
2022-08-24,2.5918,3.1039,75.78
2022-08-25,2.6344,3.0258,74.37
2022-08-26,2.6447,3.0409,75.6
2022-08-29,2.6156,3.1024,78.6
2022-08-30,2.5719,3.1025,74.71
2022-08-31,2.5394,3.1926,73.03
2022-09-01,2.5138,3.2533,70.53
2022-09-02,2.5463,3.1894,71.03
2022-09-05,2.5985,3.1894,73.11
2022-09-06,2.5575,3.3492,70.89
2022-09-07,2.5209,3.2635,67.2
2022-09-08,2.5219,3.317,68.08
2022-09-09,2.5203,3.3097,70.89
2022-09-12,2.5469,3.3578,71.78
2022-09-13,2.55,3.408,71.14
2022-09-14,2.4819,3.4043,71.85
2022-09-15,2.4856,3.4489,69.37
2022-09-16,2.4995,3.4494,69.75
2022-09-19,2.4206,3.4905,70.25
2022-09-20,2.4981,3.563,69.2
2022-09-21,2.5169,3.5299,68.59
2022-09-22,2.5131,3.7138,69.08
2022-09-23,2.4804,3.6846,65.78
2022-09-26,2.4706,3.9244,64.19
2022-09-27,2.46,3.9451,65.88
2022-09-28,2.4131,3.7312,68.34
2022-09-29,2.3228,3.7856,67.67
2022-09-30,2.156,3.8286,66.09
2022-10-03,2.2963,3.6387,68.97
2022-10-04,2.3256,3.6329,71.25
2022-10-05,2.3175,3.7528,72.47
2022-10-06,2.3144,3.8236,73.29
2022-10-07,2.3027,3.8814,76.01
2022-10-10,2.345,3.8814,74.66
2022-10-11,2.4356,3.947,73.19
2022-10-12,2.3981,3.8962,71.76
2022-10-13,2.4287,3.9435,73.4
2022-10-14,2.4976,4.0184,71.12
2022-10-17,2.5244,4.0104,71.12
2022-10-18,2.5375,4.0066,69.88
2022-10-19,2.5256,4.1335,71.73
2022-10-20,2.5725,4.2283,71.71
2022-10-21,2.6555,4.2167,72.57
2022-10-24,2.6794,4.2424,72.39
2022-10-25,2.6125,4.1021,72.59
2022-10-26,2.4887,4.0028,74.27
2022-10-27,2.6356,3.9187,75.26
2022-10-28,2.644,4.0123,74.34
2022-10-31,2.6625,4.0478,73.58
2022-11-01,2.5681,4.0419,75.03
2022-11-02,2.5912,4.1005,76.23
2022-11-03,2.495,4.1469,75.05
2022-11-04,2.5998,4.1584,78.14
2022-11-07,2.6544,4.2135,77.63
2022-11-08,2.6613,4.1234,75.6
2022-11-09,2.645,4.0923,73.45
2022-11-10,2.6133,3.8125,74.26
2022-11-11,2.613,3.8125,76.1
2022-11-14,2.6,3.8536,73.84
2022-11-15,2.6287,3.7696,74.41
2022-11-16,2.5631,3.6899,73.61
2022-11-17,2.5456,3.7657,71.17
2022-11-18,2.5011,3.8288,69.46
2022-11-21,2.5464,3.8269,69.33
2022-11-22,2.5912,3.7559,70.05
2022-11-23,2.5425,3.6927,67.71
2022-11-24,2.5425,3.6927,67.65
2022-11-25,2.5822,3.6776,66.3
2022-11-28,2.5019,3.6812,66.44
2022-11-29,2.5094,3.7441,66.73
2022-11-30,2.6363,3.6054,68.88
2022-12-01,2.5444,3.5048,68.81
2022-12-02,2.6025,3.4862,67.77
2022-12-05,2.6244,3.5736,65.48
2022-12-06,2.5419,3.5314,62.84
2022-12-07,2.515,3.4169,61.12
2022-12-08,2.5406,3.4819,60.31
2022-12-09,2.5241,3.5783,60.27
2022-12-12,2.5844,3.6113,61.77
2022-12-13,2.4944,3.5012,63.9
2022-12-14,2.5062,3.4774,65.5
2022-12-15,2.4312,3.4463,64.32
2022-12-16,2.444,3.4822,62.6
2022-12-19,2.4694,3.5846,63.2
2022-12-20,2.5106,3.6825,63.35
2022-12-21,2.5562,3.662,65.1
2022-12-22,2.4587,3.6786,64.14
2022-12-23,2.4859,3.7472,66.46
2022-12-26,2.567,3.7472,
2022-12-27,2.5411,3.8411,66.61
2022-12-28,2.5075,3.8827,66.06
2022-12-29,2.5256,3.8145,65.65
2022-12-30,2.5651,3.8748,67.57
2023-01-02,2.5095,3.8748,67.57
2023-01-03,2.5644,3.7389,64.58
2023-01-04,2.4894,3.6827,61.23
2023-01-05,2.5444,3.7181,61.89
2023-01-06,2.495,3.558,61.8
2023-01-09,2.5163,3.5321,62.65
2023-01-10,2.5756,3.6188,63.0
2023-01-11,2.525,3.5392,65.02
2023-01-12,2.4688,3.44,66.09
2023-01-13,2.4862,3.5035,67.08
2023-01-16,2.455,3.5035,66.43
2023-01-17,2.5031,3.5476,67.58
2023-01-18,2.4494,3.3698,66.84
2023-01-19,2.5244,3.3915,67.77
2023-01-20,2.592,3.4787,68.93
2023-01-23,2.5375,3.5098,69.37
2023-01-24,2.6131,3.4527,67.75
2023-01-25,2.6069,3.4416,67.74
2023-01-26,2.5806,3.4947,68.8
2023-01-27,2.5958,3.5035,68.16
2023-01-30,2.5238,3.5366,66.66
2023-01-31,2.4894,3.5069,67.42
2023-02-01,2.5188,3.4166,65.35
2023-02-02,2.5431,3.3927,64.83
2023-02-03,2.481,3.5246,63.07
2023-02-06,2.4937,3.6399,63.9
2023-02-07,2.505,3.6735,66.03
2023-02-08,2.5206,3.6098,67.13
2023-02-09,2.5225,3.6579,66.66
2023-02-10,2.5548,3.732,68.16
2023-02-13,2.5287,3.7016,68.33
2023-02-14,2.49,3.7435,67.52
2023-02-15,2.5325,3.8049,67.36
2023-02-16,2.535,3.8608,67.17
2023-02-17,2.5656,3.8148,65.48
2023-02-20,2.5825,3.8148,66.32
2023-02-21,2.5938,3.9525,65.52
2023-02-22,2.6044,3.9156,63.59
2023-02-23,2.615,3.8768,64.86
2023-02-24,2.6123,3.9432,65.61
2023-02-27,2.5737,3.9141,64.99
2023-02-28,2.58,3.92,66.11
2023-03-01,2.5763,3.9925,66.79
2023-03-02,2.5994,4.0556,67.14
2023-03-03,2.555,3.9517,67.99
2023-03-06,2.6038,3.9577,68.27
2023-03-07,2.5275,3.9637,65.98
2023-03-08,2.4825,3.9913,65.48
2023-03-09,2.4812,3.9032,64.63
2023-03-10,2.4488,3.6987,65.58
2023-03-13,2.52,3.5732,63.98
2023-03-14,2.6437,3.6892,61.35
2023-03-15,2.5512,3.4548,58.37
2023-03-16,2.4962,3.577,59.17
2023-03-17,2.4919,3.4286,57.8
2023-03-20,2.4488,3.4847,58.45
2023-03-21,2.5864,3.6094,59.67
2023-03-22,2.6432,3.4341,60.75
2023-03-23,2.6183,3.4266,60.13
2023-03-24,2.5525,3.3762,59.4
2023-03-27,2.5225,3.5299,61.88
2023-03-28,2.565,3.5696,62.3
2023-03-29,2.5813,3.5639,61.87
2023-03-30,2.5813,3.5488,62.67
2023-03-31,2.6038,3.4676,63.7
2023-04-03,2.5388,3.4114,67.72
2023-04-04,2.4987,3.3387,67.73
2023-04-05,2.5025,3.3108,67.77
2023-04-06,2.48,3.305,67.87
2023-04-07,2.5008,3.3906,
2023-04-10,2.5312,3.4168,67.12
2023-04-11,2.5494,3.4262,68.26
2023-04-12,2.5763,3.3906,69.63
2023-04-13,2.62,3.4449,68.64
2023-04-14,2.5778,3.5128,68.82
2023-04-17,2.5726,3.6004,67.58
2023-04-18,2.5438,3.5756,67.59
2023-04-19,2.5463,3.5908,66.27
2023-04-20,2.5,3.5318,64.66
2023-04-21,2.5231,3.5718,65.11
2023-04-24,2.54,3.4901,65.96
2023-04-25,2.54,3.3996,64.4
2023-04-26,2.5712,3.4485,62.1
2023-04-27,2.5813,3.5204,62.5
2023-04-28,2.533,3.422,64.18
2023-05-01,2.5525,3.5681,63.37
2023-05-02,2.5325,3.4239,60.18
2023-05-03,2.5088,3.3356,57.79
2023-05-04,2.5512,3.3787,57.93
2023-05-05,2.5784,3.437,60.17
2023-05-08,2.575,3.5072,61.53
2023-05-09,2.5644,3.5186,61.88
2023-05-10,2.56,3.4426,61.05
2023-05-11,2.5588,3.3843,59.91
2023-05-12,2.6021,3.4625,59.26
2023-05-15,2.645,3.5019,60.11
2023-05-16,2.5763,3.5339,59.85
2023-05-17,2.6038,3.5641,61.49
2023-05-18,2.6,3.6457,60.61
2023-05-19,2.5962,3.6726,60.39
2023-05-22,2.5925,3.7148,60.72
2023-05-23,2.6238,3.6919,61.4
2023-05-24,2.5975,3.7419,62.61
2023-05-25,2.6663,3.8174,60.93
2023-05-26,2.649,3.7983,61.48
2023-05-29,2.5925,3.7983,61.58
2023-05-30,2.5825,3.6866,58.87
2023-05-31,2.5338,3.6426,57.99
2023-06-01,2.545,3.595,59.33
2023-06-02,2.5625,3.6907,60.81
2023-06-05,2.5462,3.6831,61.27
2023-06-06,2.5475,3.6602,60.93
2023-06-07,2.58,3.7952,61.46
2023-06-08,2.565,3.7179,60.67
2023-06-09,2.5627,3.7394,59.74
2023-06-12,2.7062,3.7356,57.38
2023-06-13,2.7225,3.8133,59.34
2023-06-14,2.73,3.7862,58.47
2023-06-15,2.7488,3.7165,60.44
2023-06-16,2.7985,3.7613,61.19
2023-06-19,2.5662,3.7613,60.77
2023-06-20,2.5938,3.7207,60.62
2023-06-21,2.575,3.7189,61.6
2023-06-22,2.5894,3.7946,59.22
2023-06-23,2.5793,3.7347,58.98
2023-06-26,2.5806,3.7212,59.25
2023-06-27,2.5725,3.7639,57.71
2023-06-28,2.59,3.7078,59.09
2023-06-29,2.5928,3.8383,59.31
2023-06-30,2.5759,3.8367,60.02
2023-07-03,2.6563,3.8545,59.42
2023-07-04,2.6562,3.8545,60.69
2023-07-05,2.655,3.9315,61.01
2023-07-06,2.6512,4.0291,60.91
2023-07-07,2.6813,4.0616,62.46
2023-07-10,2.663,3.9938,61.84
2023-07-11,2.656,3.97,63.2
2023-07-12,2.675,3.8573,63.76
2023-07-13,2.6335,3.7634,64.76
2023-07-14,2.6484,3.8322,63.57
2023-07-17,2.6568,3.8068,62.48
2023-07-18,2.636,3.7853,63.38
2023-07-19,2.6247,3.7483,63.25
2023-07-20,2.702,3.8503,63.39
2023-07-21,2.673,3.8349,64.53
2023-07-24,2.702,3.8725,65.86
2023-07-25,2.679,3.8845,66.57
2023-07-26,2.6568,3.8668,66.0
2023-07-27,2.657,3.9982,67.05
2023-07-28,2.6798,3.9507,67.65
2023-07-31,2.6373,3.9588,68.47
2023-08-01,2.6365,4.023,68.05
2023-08-02,2.664,4.0775,66.68
2023-08-03,2.691,4.1751,68.23
2023-08-04,2.6754,4.0338,69.11
2023-08-07,2.7399,4.0885,68.39
2023-08-08,2.6816,4.022,69.06
2023-08-09,2.6555,4.0081,70.16
2023-08-10,2.6557,4.1055,69.24
2023-08-11,2.6633,4.1522,69.57
2023-08-14,2.777,4.1913,69.09
2023-08-15,2.657,4.211,68.03
2023-08-16,2.656,4.2504,66.88
2023-08-17,2.6689,4.2741,67.42
2023-08-18,2.6755,4.2546,67.96
2023-08-21,2.6837,4.3379,67.69
2023-08-22,2.698,4.3241,67.34
2023-08-23,2.6875,4.1918,66.69
2023-08-24,2.67,4.2372,66.81
2023-08-25,2.6492,4.2354,67.7
2023-08-28,2.6365,4.202,67.66
2023-08-29,2.6229,4.1197,68.49
2023-08-30,2.6058,4.1139,68.76
2023-08-31,2.586,4.1081,70.04
2023-09-01,2.6152,4.1788,71.43
2023-09-04,,4.1788,71.79
2023-09-05,2.6308,4.2598,72.63
2023-09-06,2.6282,4.2797,73.08
2023-09-07,2.635,4.2441,72.54
2023-09-08,2.659,4.2641,73.13
2023-09-11,2.6645,4.288,73.12
2023-09-12,2.6546,4.2801,74.26
2023-09-13,2.6354,4.2485,74.12
2023-09-14,2.661,4.2863,75.59
2023-09-15,2.675,4.3324,75.77
2023-09-18,2.6814,4.3026,76.17
2023-09-19,2.693,4.3586,76.1
2023-09-20,2.6752,4.407,75.45
2023-09-21,2.71,4.4942,75.26
2023-09-22,2.6995,4.4337,75.24
2023-09-25,2.7097,4.5334,75.25
2023-09-26,2.6764,4.5356,75.8
2023-09-27,2.6292,4.6075,77.38
2023-09-28,2.7053,4.5748,76.34
2023-09-29,2.6946,4.5711,75.61
2023-10-02,2.6934,4.6785,74.38
2023-10-03,2.7265,4.7955,74.56
2023-10-04,2.712,4.7329,70.37
2023-10-05,2.675,4.7185,68.94
2023-10-06,2.6845,4.8009,69.36
2023-10-09,2.6876,4.8009,72.29
2023-10-10,2.67,4.653,71.88
2023-10-11,2.654,4.5582,70.37
2023-10-12,2.6681,4.6969,70.52
2023-10-13,2.6605,4.6124,74.53
2023-10-16,2.6778,4.706,73.52
2023-10-17,2.7001,4.8341,73.72
2023-10-18,2.7333,4.9149,75.03
2023-10-19,2.79,4.9898,75.75
2023-10-20,2.7822,4.9137,75.57
2023-10-23,2.7344,4.8502,73.66
2023-10-24,2.743,4.8229,72.22
2023-10-25,2.7698,4.9549,73.91
2023-10-26,2.766,4.8445,72.11
2023-10-27,2.7534,4.8346,74.2
2023-10-30,2.7667,4.8942,71.83
2023-10-31,2.7509,4.9307,70.72
2023-11-01,2.7785,4.7341,70.39
2023-11-02,2.7328,4.659,72.24
2023-11-03,2.734,4.5724,70.61
2023-11-06,2.7566,4.6431,70.85
2023-11-07,2.729,4.5665,67.88
2023-11-08,2.703,4.4925,66.16
2023-11-09,2.709,4.6241,66.55
2023-11-10,2.6695,4.6518,67.73
2023-11-13,2.6686,4.6399,68.64
2023-11-14,2.649,4.4473,68.6
2023-11-15,2.6903,4.5314,67.53
2023-11-16,2.6877,4.4355,64.4
2023-11-17,2.6478,4.4354,67.05
2023-11-20,2.6644,4.4198,68.47
2023-11-21,2.62,4.3926,68.58
2023-11-22,2.6235,4.4042,68.17
2023-11-23,2.6049,4.4042,67.72
2023-11-24,2.637,4.4665,67.03
2023-11-27,2.5985,4.3866,66.53
2023-11-28,2.5755,4.3207,67.86
2023-11-29,2.5728,4.2552,69.03
2023-11-30,2.6285,4.3264,67.35
2023-12-01,2.6005,4.1956,65.7
2023-12-04,2.577,4.2529,64.99
2023-12-05,2.5565,4.1649,64.3
2023-12-06,2.5176,4.104,61.89
2023-12-07,2.5201,4.1495,61.68
2023-12-08,2.5661,4.2256,63.17
2023-12-11,2.5653,4.2333,63.33
2023-12-12,2.5448,4.2006,61.0
2023-12-13,2.535,4.0164,61.85
2023-12-14,2.544,3.9208,63.81
2023-12-15,2.5273,3.911,63.76
2023-12-18,2.519,3.9314,64.93
2023-12-19,2.491,3.9313,65.99
2023-12-20,2.5009,3.8474,66.39
2023-12-21,2.508,3.8881,66.13
2023-12-22,2.5103,3.895,65.86
2023-12-25,2.514,3.895,
2023-12-26,2.496,3.8967,67.57
2023-12-27,2.4775,3.7944,66.48
2023-12-28,2.509,3.8443,64.48
2023-12-29,2.5211,3.8791,64.39
2024-01-01,2.53,3.8791,
2024-01-02,2.5575,3.9294,63.43
2024-01-03,2.5428,3.9162,65.4
2024-01-04,2.5596,3.9988,64.85
2024-01-05,2.5536,4.0457,65.83
2024-01-08,2.564,4.0305,63.62
2024-01-09,2.5536,4.0133,64.85
2024-01-10,2.5482,4.0283,64.19
2024-01-11,2.56,3.9658,64.7
2024-01-12,2.5868,3.939,65.43
2024-01-15,2.579,3.939,65.32
2024-01-16,2.6324,4.0581,65.43
2024-01-17,2.6153,4.1019,65.09
2024-01-18,2.6546,4.142,66.11
2024-01-19,2.6761,4.1226,65.66
2024-01-22,2.6153,4.1052,66.91
2024-01-23,2.605,4.1282,66.49
2024-01-24,2.62,4.1762,66.9
2024-01-25,2.6059,4.1184,68.89
2024-01-26,2.6179,4.1373,69.83
2024-01-29,2.6097,4.074,68.89
2024-01-30,2.576,4.0319,69.45
2024-01-31,2.5733,3.9124,67.81
2024-02-01,2.5552,3.8802,66.25
2024-02-02,2.5674,4.0199,65.1
2024-02-05,2.582,4.1579,65.66
2024-02-06,2.559,4.1,66.16
2024-02-07,2.547,4.1211,66.68
2024-02-08,2.5775,4.154,68.72
2024-02-09,2.5725,4.1754,69.19
2024-02-12,2.562,4.1793,69.03
2024-02-13,2.5954,4.3143,69.68
2024-02-14,2.6025,4.2554,68.69
2024-02-15,2.5707,4.23,69.75
2024-02-16,2.6031,4.2792,70.27
2024-02-19,2.6,4.2792,70.34
2024-02-20,2.5925,4.2753,69.32
2024-02-21,2.6045,4.3187,69.9
2024-02-22,2.576,4.3207,70.44
2024-02-23,2.5721,4.248,68.71
2024-02-26,2.5685,4.2795,69.48
2024-02-27,2.5615,4.3032,70.32
2024-02-28,2.5563,4.2639,69.89
2024-02-29,2.5694,4.2502,69.68
2024-03-01,2.5634,4.1798,71.08
2024-03-04,2.6032,4.2131,70.44
2024-03-05,2.589,4.1525,69.79
2024-03-06,2.5569,4.102,70.57
2024-03-07,2.513,4.0827,70.57
2024-03-08,2.5444,4.0749,69.83
2024-03-11,2.5374,4.0982,69.94
2024-03-12,2.56,4.1507,69.69
2024-03-13,2.545,4.1899,71.48
2024-03-14,2.55,4.2903,72.67
2024-03-15,2.5633,4.3063,72.6
2024-03-18,2.5593,4.3242,73.92
2024-03-19,2.551,4.2925,74.33
2024-03-20,2.588,4.2728,73.12
2024-03-21,2.6055,4.2669,72.97
2024-03-22,2.6086,4.1981,72.68
2024-03-25,2.5935,4.2454,73.8
2024-03-26,2.6168,4.2316,73.41
2024-03-27,2.5818,4.1903,73.22
2024-03-28,2.6008,4.2003,74.59
2024-03-29,2.5862,4.2003,
2024-04-01,2.8075,4.3092,74.95
2024-04-02,2.6225,4.3491,76.23
2024-04-03,2.613,4.3472,76.6
2024-04-04,2.612,4.3094,77.72
2024-04-05,2.6176,4.4016,78.16
2024-04-08,2.6396,4.4198,77.49
2024-04-09,2.629,4.3616,76.66
2024-04-10,2.6525,4.5435,77.57
2024-04-11,2.6617,4.5865,76.94
2024-04-12,2.6446,4.5216,77.55
2024-04-15,2.6745,4.6014,77.25
2024-04-16,2.6597,4.6674,77.18
2024-04-17,2.625,4.5873,74.84
2024-04-18,2.645,4.6326,74.68
2024-04-19,2.652,4.6207,74.84
2024-04-22,2.6403,4.6085,74.59
2024-04-23,2.638,4.6004,75.8
2024-04-24,2.641,4.6417,75.46
2024-04-25,2.6664,4.7039,76.31
2024-04-26,2.669,4.663,76.73
2024-04-29,2.6665,4.6136,75.85
2024-04-30,2.6587,4.6798,75.1
2024-05-01,2.646,4.6283,72.58
2024-05-02,2.6428,4.5811,72.78
2024-05-03,2.6541,4.5077,72.16
2024-05-06,2.6433,4.4874,72.49
2024-05-07,2.6092,4.457,72.34
2024-05-08,2.633,4.4937,72.7
2024-05-09,2.6245,4.4531,72.96
2024-05-10,2.644,4.4963,72.02
2024-05-13,2.637,4.4865,72.51
2024-05-14,2.6344,4.4394,71.66
2024-05-15,2.612,4.34,71.98
2024-05-16,2.607,4.375,72.43
2024-05-17,2.6172,4.4198,73.05
2024-05-20,2.6245,4.4433,72.82
2024-05-21,2.623,4.412,72.09
2024-05-22,2.6215,4.4218,71.24
2024-05-23,2.594,4.4767,70.77
2024-05-24,2.5996,4.465,71.43
2024-05-27,2.602,,72.29
2024-05-28,2.6095,4.55,73.26
2024-05-29,2.6617,4.6117,72.81
2024-05-30,2.654,4.546,71.46
2024-05-31,2.652,4.4985,70.79
2024-06-03,2.632,4.3884,68.39
2024-06-04,2.6335,4.3259,67.66
2024-06-05,2.606,4.2755,68.43
2024-06-06,2.589,4.287,69.71
2024-06-07,2.6184,4.4335,69.49
2024-06-10,2.615,4.467,71.24
2024-06-11,2.594,4.404,71.5
2024-06-12,2.5803,4.316,72.09
2024-06-13,2.5697,4.2442,72.22
2024-06-14,2.5499,4.2209,72.11
2024-06-17,2.567,4.2809,73.53
2024-06-18,2.5503,4.2227,74.47
2024-06-19,2.558,4.2227,74.25
2024-06-20,2.57,4.2594,74.8
2024-06-21,2.5592,4.2554,74.39
2024-06-24,2.5425,4.2321,75.07
2024-06-25,2.544,4.2476,74.19
2024-06-26,2.5885,4.3294,74.41
2024-06-27,2.5808,4.2864,75.11
2024-06-28,2.583,4.3961,74.88
2024-07-01,2.6003,4.4613,76.29
2024-07-02,2.5921,4.4316,75.97
2024-07-03,2.5802,4.3587,76.94
2024-07-04,2.582,4.3587,77.02
2024-07-05,2.593,4.2784,76.24
2024-07-08,2.576,4.2783,75.54
2024-07-09,2.572,4.2959,74.58
2024-07-10,2.5883,4.2841,74.95
2024-07-11,2.5735,4.2101,75.23
2024-07-12,2.5639,4.1829,74.91
2024-07-15,2.5908,4.2294,74.75
2024-07-16,2.5783,4.1576,73.76
2024-07-17,2.5778,4.1576,74.95
2024-07-18,2.5753,4.2021,74.98
2024-07-19,2.5844,4.2389,72.79
2024-07-22,2.5723,4.2525,72.59
2024-07-23,2.5559,4.2506,71.37
2024-07-24,2.5386,4.2838,71.98
2024-07-25,2.5555,4.2407,72.56
2024-07-26,2.5363,4.1939,71.47
2024-07-29,2.532,4.1744,70.38
2024-07-30,2.5157,4.1394,69.5
2024-07-31,2.5038,4.0296,71.97
2024-08-01,2.4755,3.976,70.8
2024-08-02,2.3909,3.7904,68.38
2024-08-05,2.4195,3.7884,67.93
2024-08-06,2.4325,3.8919,68.09
2024-08-07,2.4391,3.9431,69.74
2024-08-08,2.4552,3.9877,70.47
2024-08-09,2.4373,3.9398,70.92
2024-08-12,2.4445,3.9035,73.27
2024-08-13,2.4015,3.8428,71.84
2024-08-14,2.381,3.8352,71.01
2024-08-15,2.408,3.9131,72.15
2024-08-16,2.3822,3.8826,70.94
2024-08-19,2.394,3.8711,69.14
2024-08-20,2.3979,3.8067,68.73
2024-08-21,2.415,3.801,67.71
2024-08-22,2.4288,3.8521,68.75
2024-08-23,2.4457,3.799,70.35
2024-08-26,2.4521,3.816,72.5
2024-08-27,2.4665,3.8216,70.82
2024-08-28,2.4573,3.8349,69.85
2024-08-29,2.4649,3.8615,70.97
2024-08-30,2.458,3.9034,69.26
2024-09-02,2.4525,3.9034,69.8
2024-09-03,2.432,3.831,66.4
2024-09-04,2.38,3.7552,65.46
2024-09-05,2.3778,3.7269,65.45
2024-09-06,2.3694,3.708,63.98
2024-09-09,2.3691,3.7004,64.68
2024-09-10,2.35,3.6423,62.3
2024-09-11,2.3387,3.6534,63.57
2024-09-12,2.3455,3.674,64.8
2024-09-13,2.3612,3.6513,64.47
2024-09-16,2.3817,3.6176,65.5
2024-09-17,2.3906,3.6456,66.36
2024-09-18,2.3937,3.7038,66.31
2024-09-19,2.428,3.7131,67.42
2024-09-20,2.4139,3.7413,67.07
2024-09-23,2.4337,3.7489,66.54
2024-09-24,2.44,3.728,67.68
2024-09-25,2.439,3.7849,66.14
2024-09-26,2.4537,3.7963,64.47
2024-09-27,2.4373,3.7506,64.81
2024-09-30,2.4591,3.7809,64.95
2024-10-01,2.474,3.7315,66.64
2024-10-02,2.476,3.7809,66.95
2024-10-03,2.447,3.8458,70.32
2024-10-04,2.4721,3.9672,70.7
2024-10-07,2.5144,4.0256,73.31
2024-10-08,2.5299,4.0119,69.92
2024-10-09,2.54,4.0726,69.37
2024-10-10,2.543,4.0608,71.93
2024-10-11,2.5656,4.1003,71.6
2024-10-14,2.5401,4.1003,70.17
2024-10-15,2.5037,4.0317,67.26
2024-10-16,2.501,4.0122,67.24
2024-10-17,2.547,4.0906,67.44
2024-10-18,2.544,4.0828,66.18
2024-10-21,2.5504,4.1956,67.3
2024-10-22,2.5614,4.2076,68.88
2024-10-23,2.5438,4.2456,67.91
2024-10-24,2.5418,4.2118,67.38
2024-10-25,2.5146,4.2399,68.89
2024-10-28,2.5167,4.2821,64.7
2024-10-29,2.5139,4.2541,64.45
2024-10-30,2.5383,4.3004,65.76
2024-10-31,2.5025,4.2844,66.35
2024-11-01,2.5384,4.3836,66.61
2024-11-04,2.5065,4.2847,68.42
2024-11-05,2.534,4.2708,68.83
2024-11-06,2.583,4.4315,68.27
2024-11-07,2.5705,4.3257,68.92
2024-11-08,2.5734,4.3043,67.31
2024-11-11,2.5608,4.3043,65.46
2024-11-12,2.5852,4.4275,65.51
2024-11-13,2.592,4.4512,65.87
2024-11-14,2.5468,4.4354,66.12
2024-11-15,2.5424,4.4394,64.74
2024-11-18,2.5325,4.4138,66.79
2024-11-19,2.5133,4.3962,66.8
2024-11-20,2.538,4.41,66.35
2024-11-21,2.525,4.4218,67.64
2024-11-22,2.5259,4.4002,68.5
2024-11-25,2.4865,4.2731,66.53
2024-11-26,2.44,4.3062,66.35
2024-11-27,2.452,4.2634,66.33
2024-11-28,2.4515,4.2634,66.77
2024-11-29,2.4403,4.1685,65.91
2024-12-02,2.4205,4.1897,65.9
2024-12-03,2.4632,4.2245,67.54
2024-12-04,2.429,4.18,66.34
2024-12-05,2.4176,4.1761,66.14
2024-12-06,2.43,4.1529,65.25
2024-12-09,2.4385,4.2012,66.18
2024-12-10,2.4623,4.2263,66.23
2024-12-11,2.464,4.2711,67.45
2024-12-12,2.4685,4.3278,67.35
2024-12-13,2.4899,4.3967,68.34
2024-12-16,2.4575,4.3967,67.81
2024-12-17,2.4532,4.3987,67.15
2024-12-18,2.4654,4.514,67.33
2024-12-19,2.452,4.5621,66.86
2024-12-20,2.4445,4.5222,66.92
2024-12-23,2.4718,4.5865,66.63
2024-12-24,2.4967,4.5887,67.5
2024-12-25,2.499,4.5887,
2024-12-26,2.5038,4.5827,67.21
2024-12-27,2.5057,4.6253,68.05
2024-12-30,2.478,4.5327,68.23
2024-12-31,2.4789,4.569,68.83
2025-01-01,2.48,4.569,
2025-01-02,2.4658,4.559,70.02
2025-01-03,2.4651,4.5975,70.55
2025-01-06,2.493,4.63,70.36
2025-01-07,2.5438,4.685,71.05
2025-01-08,2.5713,4.6892,70.23
2025-01-09,2.5622,4.6893,70.93
2025-01-10,2.5761,4.7592,73.55
2025-01-13,2.5835,4.7779,74.7
2025-01-14,2.5634,4.7924,73.7
2025-01-15,2.534,4.6531,75.64
2025-01-16,2.536,4.6125,74.96
2025-01-17,2.5525,4.627,74.5
2025-01-20,2.5562,4.627,73.91
2025-01-21,2.551,4.5764,73.12
2025-01-22,2.5628,4.6109,72.85
2025-01-23,2.597,4.6436,72.2
2025-01-24,2.5951,4.6214,72.39
2025-01-27,2.5683,4.5343,71.08
2025-01-28,2.5639,4.5323,71.46
2025-01-29,2.5697,4.5284,70.64
2025-01-30,2.548,4.5163,70.9
2025-01-31,2.5466,4.5387,70.69
2025-02-03,2.571,4.555,70.96
2025-02-04,2.564,4.5105,71.19
2025-02-05,2.5365,4.4181,69.7
2025-02-06,2.5499,4.4342,69.4
2025-02-07,2.5605,4.4947,69.75
2025-02-10,2.562,4.4968,70.88
2025-02-11,2.5836,4.5352,71.93
2025-02-12,2.5912,4.6208,70.23
2025-02-13,2.5741,4.5288,70.08
2025-02-14,2.5703,4.4762,69.82
2025-02-17,2.5661,4.4762,70.27
2025-02-18,2.5738,4.5503,70.85
2025-02-19,2.5825,4.5327,71.04
2025-02-20,2.5928,4.5053,71.45
2025-02-21,2.5594,4.4313,69.53
2025-02-24,2.5512,4.4003,69.86
2025-02-25,2.4788,4.2945,68.22
2025-02-26,2.4602,4.2562,67.81
2025-02-27,2.4331,4.2599,69.22
2025-02-28,2.4295,4.2082,68.51
2025-03-03,2.42,4.1551,67.39
2025-03-04,2.4338,4.2442,66.84
2025-03-05,2.397,4.2785,65.2
2025-03-06,2.405,4.2784,65.36
2025-03-07,2.3934,4.3011,66.2
2025-03-10,2.3977,4.2131,65.19
2025-03-11,2.3862,4.2799,65.45
2025-03-12,2.4111,4.3124,66.76
2025-03-13,2.4025,4.2682,65.75
2025-03-14,2.4164,4.3121,66.41
2025-03-17,2.4102,4.2985,66.87
2025-03-18,2.4138,4.2831,66.39
2025-03-19,2.4342,4.2428,66.6
2025-03-20,2.4285,4.2369,67.75
2025-03-21,2.4226,4.2462,67.9
2025-03-24,2.43,4.3346,68.69
2025-03-25,2.4178,4.3133,68.7
2025-03-26,2.4328,4.3519,69.43
2025-03-27,2.4562,4.3595,69.66
2025-03-28,2.4317,4.2494,69.28
2025-03-31,2.426,4.2053,71.19
2025-04-01,2.3854,4.1689,70.93
2025-04-02,2.3922,4.1307,71.36
2025-04-03,2.325,4.0286,66.78
2025-04-04,2.2905,3.9943,62.44
2025-04-07,2.3483,4.1835,61.14
2025-04-08,2.3347,4.2929,59.81
2025-04-09,2.398,4.3315,62.35
2025-04-10,2.302,4.4249,60.3
2025-04-11,2.3303,4.4895,61.66
2025-04-14,2.346,4.3739,61.78
2025-04-15,2.307,4.333,61.58
2025-04-16,2.3195,4.2768,62.7
2025-04-17,2.3605,4.3249,64.71
2025-04-18,2.3594,4.3249,
2025-04-21,2.3632,4.4106,63.09
2025-04-22,2.3821,4.4008,64.21
2025-04-23,2.397,4.3812,62.96
2025-04-24,2.3896,4.3149,63.37
2025-04-25,2.3636,4.2353,63.67
2025-04-28,2.3325,4.2082,62.69
2025-04-29,2.336,4.1716,61.23
2025-04-30,2.3503,4.1619,59.08
2025-05-01,2.348,4.2176,60.12
2025-05-02,2.397,4.3083,59.31
2025-05-05,2.408,4.3433,58.28
2025-05-06,2.4032,4.2946,60.14
2025-05-07,2.3808,4.2694,59.14
2025-05-08,2.3965,4.3785,60.81
2025-05-09,2.401,4.3785,61.84
2025-05-12,2.4493,4.4709,62.86
2025-05-13,2.461,4.465,64.47
2025-05-14,2.4964,4.5363,63.95
2025-05-15,2.445,4.4315,62.44
2025-05-16,2.4562,4.477,63.29
2025-05-19,2.46,4.4474,63.42
2025-05-20,2.4579,4.4869,63.26
2025-05-21,2.4683,4.5985,62.81
2025-05-22,2.471,4.5287,62.35
2025-05-23,2.4435,4.511,62.68
2025-05-26,2.4381,,62.64
2025-05-27,2.4449,4.4436,62.02
2025-05-28,2.4426,4.4773,62.75
2025-05-29,2.434,4.418,61.8
2025-05-30,2.4441,4.4004,61.25
2025-06-02,2.444,4.4399,63.05
2025-06-03,2.46,4.4537,64.03
2025-06-04,2.4466,4.3552,63.27
2025-06-05,2.4493,4.3906,63.74
2025-06-06,2.4521,4.5056,64.85
2025-06-09,2.459,4.4738,65.4
2025-06-10,2.456,4.4698,65.24
2025-06-11,2.447,4.4203,68.06
2025-06-12,2.43,4.3592,67.66
2025-06-13,2.4481,4.3987,72.42
2025-06-16,2.476,4.4462,71.44
2025-06-17,2.474,4.3888,74.58
2025-06-18,2.467,4.3909,74.83
2025-06-19,2.4613,4.3909,76.92
2025-06-20,2.4854,4.3751,75.13
2025-06-23,2.4797,4.3475,69.73
2025-06-24,2.467,4.2945,65.5
2025-06-25,2.4665,4.2906,66.03
2025-06-26,2.4525,4.2417,66.07
2025-06-27,2.487,4.2769,66.11
2025-06-30,2.4735,4.228,66.05
2025-07-01,2.4685,4.2416,66.42
2025-07-02,2.482,4.2769,68.4
2025-07-03,2.5035,4.3457,68.09
2025-07-04,2.505,4.3457,67.6
2025-07-07,2.519,4.3794,68.86
2025-07-08,2.5233,4.3992,69.43
2025-07-09,2.5225,4.332,69.47
2025-07-10,2.515,4.3498,67.93
2025-07-11,2.5256,4.4093,69.64
2025-07-14,2.5512,4.4333,68.5
2025-07-15,2.542,4.4813,68.0
2025-07-16,2.545,4.4553,67.82
2025-07-17,2.5433,4.4513,68.81
2025-07-18,2.532,4.4155,68.57
2025-07-21,2.522,4.3777,68.5
2025-07-22,2.4991,4.344,67.88
2025-07-23,2.4967,4.3798,67.81
2025-07-24,2.53,4.3957,68.47
2025-07-25,2.5308,4.3878,67.74
2025-07-28,2.531,4.4098,69.32
2025-07-29,2.5069,4.3204,71.68
2025-07-30,2.5083,4.37,72.47
2025-07-31,2.4703,4.374,71.7
2025-08-01,2.4215,4.2159,69.67
2025-08-04,2.4565,4.1923,68.76
2025-08-05,2.4555,4.2218,68.11
